State,1980,1981,1982,1983,1984,1985,1986,1987,1988,1989,1990,1991,1992,1993,1994,1995,1996,1997,1998,1999,2000,2001,2002,2003,2004,2005,2006,2007,2008,2009,2010,2011,2012,2013,2014,2015,2016,Percent,Absolute,category
Alabama,61.6,58.8,47.8,49.9,54.7,62.1,61.9,61.9,61.2,64.0,64.2,68.2,72.9,76.5,72.8,78.0,83.9,81.7,80.8,81.7,85.3,79.4,79.8,82.3,80.5,84.0,83.7,83.8,79.5,59.5,67.8,61.4,51.6,53.3,54.3,46.6,38.6,-0.3733766233766234,-23.0,coal
Alabama,3.6,3.4,3.4,3.5,3.3,2.9,3.0,3.4,3.4,3.3,3.1,3.0,3.2,3.4,3.3,3.3,3.7,3.4,3.1,3.3,3.7,3.5,3.2,3.1,3.0,2.7,2.5,2.4,2.5,2.5,2.9,2.3,1.8,2.2,2.4,2.1,1.9,-0.4722222222222222,-1.7000000000000002,residential
Alabama,24.8,24.2,23.5,22.9,23.8,23.5,24.5,26.0,26.3,28.3,28.0,28.6,29.3,29.4,30.6,32.1,31.4,31.1,31.6,32.0,33.4,31.4,33.4,32.3,34.8,34.7,35.3,35.6,33.0,31.9,32.2,32.3,31.8,31.6,31.6,32.9,34.7,0.3991935483870968,9.900000000000002,transportation
Alabama,2.6,2.4,2.3,2.5,2.3,2.5,2.5,2.3,2.6,2.5,2.4,2.0,2.1,2.0,2.1,2.0,2.2,2.4,1.9,2.2,2.2,2.2,2.0,2.1,2.2,1.8,2.2,2.0,2.0,1.9,2.1,2.0,1.8,1.8,1.9,2.2,2.2,-0.1538461538461539,-0.3999999999999999,commercial
Alabama,30.4,29.1,29.2,27.5,27.3,26.7,28.2,29.9,30.5,32.6,32.3,32.2,32.7,33.3,35.1,35.9,35.7,34.8,34.8,35.9,37.4,36.0,38.0,37.9,40.4,40.1,40.8,40.7,38.1,35.9,36.1,36.2,35.7,34.4,34.4,36.3,38.5,0.2664473684210527,8.100000000000001,petroleum
Alabama,14.8,14.9,13.4,12.2,12.7,12.1,11.2,11.4,12.9,13.5,13.4,13.9,15.3,16.0,15.9,17.6,17.9,17.9,18.1,18.5,19.6,18.3,20.7,19.1,20.8,19.3,21.3,22.8,22.0,24.7,28.9,32.3,35.9,33.2,34.5,37.2,38.0,1.567567567567568,23.2,natural_gas
Alabama,31.7,28.8,25.9,21.9,25.0,23.0,22.2,23.8,26.3,25.4,25.5,25.8,28.7,27.4,28.4,29.1,29.9,29.0,26.5,26.8,26.1,22.7,22.5,23.7,24.1,22.7,22.1,21.5,21.1,17.4,18.8,19.3,21.4,21.1,22.1,21.0,21.1,-0.334384858044164,-10.599999999999998,industrial
Alabama,44.1,44.1,35.3,38.8,40.3,48.9,49.1,47.8,46.0,50.6,50.9,54.8,57.6,63.6,59.6,65.1,70.3,68.6,70.6,71.8,76.7,73.9,77.4,78.2,77.6,81.3,83.6,85.9,81.0,66.4,76.7,74.0,66.5,64.2,65.1,61.9,55.2,0.2517006802721089,11.100000000000001,electricity
Alaska,0.9,0.9,1.2,1.2,1.4,1.4,1.3,1.3,1.2,1.4,1.6,1.6,1.7,1.7,1.8,1.8,1.8,1.7,1.6,1.9,1.7,1.8,1.6,1.7,1.8,1.8,2.1,1.8,1.8,1.7,1.7,1.7,1.8,1.6,1.5,1.6,1.5,0.6666666666666665,0.6,residential
Alaska,8.2,6.5,12.6,12.7,13.7,11.4,11.1,13.3,15.3,17.0,17.3,19.5,20.4,19.9,19.5,23.0,23.5,22.6,23.0,22.4,23.2,21.9,22.3,22.1,21.6,23.1,19.9,19.7,18.2,18.2,17.8,18.0,18.4,17.6,17.5,17.7,17.6,1.146341463414635,9.400000000000002,natural_gas
Alaska,0.4,1.2,1.2,1.2,1.2,1.1,1.1,0.4,0.4,0.4,1.2,1.2,1.2,1.3,1.2,1.2,1.0,1.1,1.6,1.5,1.6,1.5,1.5,1.2,1.3,1.3,1.4,1.3,1.4,1.4,1.4,1.5,1.5,1.4,1.7,1.8,1.6,3,1.2000000000000002,coal
Alaska,6.4,7.2,7.3,8.3,10.1,10.9,10.6,9.5,10.7,12.4,12.0,11.1,10.8,11.0,11.2,12.3,11.8,13.3,13.5,14.6,15.5,14.5,14.8,15.5,18.8,18.7,18.9,17.8,15.3,13.5,14.9,14.2,13.3,12.3,11.7,12.2,11.9,0.859375,5.5,transportation
Alaska,1.2,1.8,2.2,2.4,2.5,2.1,5.0,4.4,1.7,1.5,2.2,2.2,2.5,2.5,2.6,2.5,2.7,2.5,2.6,2.8,2.7,2.5,2.0,1.9,2.2,2.1,2.4,2.2,2.3,2.2,2.6,2.8,2.6,2.4,2.3,2.6,2.0,0.6666666666666667,0.8,commercial
Alaska,2.3,2.4,2.6,2.6,2.6,2.7,2.7,2.4,2.4,2.6,2.6,2.5,2.3,2.3,2.3,2.4,2.5,2.7,2.9,3.0,3.2,3.3,3.3,3.0,3.2,3.2,3.5,3.3,3.3,3.2,3.0,3.2,3.1,2.6,2.9,2.9,2.7,0.173913043478261,0.40000000000000036,electricity
Alaska,6.8,5.0,11.1,12.0,12.5,12.0,12.3,12.8,14.9,16.2,16.3,17.9,19.4,19.1,18.6,22.1,23.2,21.8,22.4,21.3,21.3,21.5,21.9,21.7,20.9,22.4,19.0,19.2,17.0,17.4,16.8,17.0,17.4,17.3,17.0,16.9,16.8,1.470588235294118,10.0,industrial
Alaska,9.2,9.6,10.5,12.6,14.3,16.7,19.8,16.7,15.2,16.6,16.2,14.6,15.2,15.4,15.8,16.9,17.4,18.4,18.6,19.7,19.6,20.1,19.8,20.5,23.9,23.8,24.6,23.2,20.0,18.4,19.8,19.3,18.4,17.1,16.2,16.7,15.8,0.7173913043478264,6.600000000000001,petroleum
Arizona,5.3,6.5,5.8,5.7,6.4,5.7,6.4,3.5,3.7,4.2,3.9,4.0,4.0,4.0,4.4,4.7,4.9,5.0,4.7,4.8,4.8,4.9,4.3,4.1,4.6,5.0,5.1,4.9,5.5,4.3,4.7,5.1,5.0,4.6,4.5,4.4,4.6,-0.1320754716981133,-0.7000000000000002,industrial
Arizona,23.0,30.0,31.6,27.7,30.5,32.1,27.8,26.6,29.1,33.2,32.3,32.7,34.8,36.7,37.9,32.4,32.4,34.9,36.5,38.1,40.9,40.0,38.4,38.4,40.2,40.5,40.8,41.4,43.3,39.0,43.2,43.4,39.7,43.0,42.3,36.4,30.6,0.3304347826086957,7.600000000000001,coal
Arizona,18.5,18.7,18.3,18.5,19.6,20.5,21.1,21.9,22.6,22.6,22.7,23.3,23.6,24.9,25.6,26.1,27.6,27.6,29.8,31.5,32.3,33.3,34.2,35.2,36.0,36.7,37.9,37.4,34.4,32.3,31.6,31.3,30.7,31.1,31.3,31.9,33.1,0.7891891891891893,14.600000000000001,transportation
Arizona,1.8,1.7,1.7,1.6,1.6,1.7,1.6,1.9,1.9,1.9,1.9,1.8,1.8,1.7,1.8,1.8,1.9,2.0,2.3,2.2,2.2,2.1,2.2,2.0,2.0,2.0,2.0,2.1,2.4,2.2,2.4,2.4,2.3,2.4,2.2,2.9,2.9,0.6111111111111109,1.0999999999999999,commercial
Arizona,20.5,19.4,19.1,19.8,21.0,21.3,22.6,23.1,23.4,23.9,23.6,24.2,24.6,26.0,26.4,27.5,29.4,29.3,31.5,33.4,34.2,35.4,35.8,36.6,37.5,38.7,39.7,39.1,37.2,34.3,34.2,34.4,33.7,34.2,34.1,35.1,36.7,0.7902439024390244,16.200000000000003,petroleum
Arizona,1.8,1.6,1.8,1.8,1.7,1.8,1.6,1.8,1.7,1.7,1.8,1.9,1.8,1.7,1.8,1.7,1.7,1.8,2.2,2.1,2.1,2.2,2.2,2.1,2.2,2.1,2.2,2.3,2.4,2.2,2.3,2.4,2.1,2.4,2.0,2.1,2.2,0.2222222222222223,0.40000000000000013,residential
Arizona,25.3,31.1,30.6,26.3,28.8,31.0,25.3,27.0,29.4,34.8,32.5,32.8,35.4,36.6,38.1,32.4,32.4,35.1,37.6,39.8,44.7,46.0,45.0,46.1,51.7,50.8,52.7,55.2,57.6,52.5,54.4,52.3,51.3,54.7,53.1,49.6,44.3,0.75098814229249,18.999999999999996,electricity
Arizona,9.2,10.2,7.6,6.4,6.7,7.3,5.6,6.4,6.8,8.0,6.9,6.8,7.1,6.3,7.4,6.8,6.6,7.3,8.5,8.9,11.0,13.0,13.5,14.6,18.9,17.5,19.4,21.3,21.8,20.0,17.8,15.6,18.0,18.1,16.8,19.4,19.7,1.141304347826087,10.5,natural_gas
Arkansas,19.9,19.0,18.6,19.1,17.9,18.0,18.1,18.1,18.8,19.1,18.5,18.2,18.7,19.4,20.5,21.1,21.4,22.2,22.4,24.2,24.7,24.6,24.0,24.5,25.3,25.2,24.9,25.1,25.2,23.4,23.5,23.0,22.0,22.3,22.5,22.1,22.4,0.1256281407035176,2.5,petroleum
Arkansas,2.1,1.8,1.9,3.1,2.3,2.0,1.6,1.6,1.7,1.7,1.6,1.6,1.6,1.8,1.7,1.8,1.9,1.8,1.8,1.8,2.1,2.1,2.1,2.2,2.0,2.1,1.9,1.9,2.2,2.5,2.6,2.5,2.5,2.8,3.1,3.1,2.9,0.3809523809523809,0.7999999999999998,commercial
Arkansas,7.6,12.2,13.0,17.7,16.0,20.6,22.0,21.0,21.4,20.3,21.3,21.3,21.6,19.4,21.6,23.5,25.7,24.1,25.7,26.8,26.4,27.0,25.5,26.3,27.1,25.3,27.4,28.6,29.0,28.8,32.3,34.2,34.6,35.5,35.5,27.0,30.2,2.973684210526316,22.6,electricity
Arkansas,3.4,9.6,11.8,16.7,15.4,20.7,21.1,19.8,20.6,19.1,20.0,20.3,20.8,18.9,21.0,22.4,24.5,23.3,24.1,25.2,25.3,25.9,24.1,23.9,25.5,23.3,24.3,26.0,26.3,24.9,27.7,28.9,28.0,30.9,32.0,21.4,23.3,5.852941176470589,19.900000000000002,coal
Arkansas,14.3,14.7,14.7,13.7,14.5,14.3,14.7,15.3,16.0,16.5,16.0,16.2,16.1,16.8,18.0,18.4,18.7,19.3,19.5,20.7,20.8,19.7,20.3,20.2,20.5,20.5,20.5,20.8,20.1,19.9,19.6,19.4,18.7,18.7,19.0,18.8,19.4,0.3566433566433564,5.099999999999998,transportation
Arkansas,14.5,14.1,12.1,11.2,11.4,10.6,10.8,9.1,11.6,13.3,12.4,11.3,12.0,12.3,13.1,14.4,14.6,14.0,14.5,13.7,13.6,12.3,13.2,13.5,11.6,11.5,12.8,12.2,12.7,13.2,14.6,15.3,15.9,15.3,14.5,15.7,16.7,0.1517241379310343,2.1999999999999993,natural_gas
Arkansas,10.7,11.3,10.2,9.4,8.9,9.7,9.2,6.6,9.3,10.3,9.5,8.2,9.7,9.8,10.6,11.6,11.4,11.7,11.6,11.2,11.4,11.3,10.7,10.8,10.5,10.1,10.1,10.0,10.6,8.1,9.0,9.0,8.6,9.2,9.1,8.3,8.2,-0.2336448598130841,-2.5,industrial
Arkansas,3.0,2.7,2.8,3.1,2.9,2.7,2.6,2.6,2.7,2.7,2.5,2.6,2.5,2.8,2.6,2.7,2.9,2.7,2.4,2.7,2.9,2.7,2.6,2.5,2.3,2.2,2.1,2.1,2.3,2.2,2.3,2.1,1.6,2.2,2.4,2.0,1.7,-0.4333333333333333,-1.3,residential
California,170.9,169.3,160.3,161.8,170.2,169.5,175.2,184.7,195.4,201.8,203.2,192.5,192.2,188.5,197.0,201.2,204.4,198.8,199.6,204.0,215.1,211.0,223.2,213.2,222.7,228.6,232.9,235.5,219.7,213.7,209.2,201.8,196.9,197.7,200.1,205.7,213.0,0.2463428905792862,42.099999999999994,transportation
California,20.2,21.5,18.7,16.2,15.7,14.0,14.0,15.9,17.6,17.8,19.0,19.1,17.4,15.5,15.9,17.0,14.7,15.3,17.8,14.9,14.4,14.8,14.2,14.0,14.1,14.2,14.4,15.1,15.6,15.6,16.1,15.7,15.9,15.9,15.1,18.6,18.9,-0.06435643564356441,-1.3000000000000007,commercial
California,61.1,59.4,37.8,31.4,34.3,39.6,27.4,37.2,36.6,44.2,40.4,38.0,45.6,42.0,49.5,37.1,32.8,35.8,39.4,43.3,52.9,57.8,43.7,42.7,46.3,41.9,46.5,50.0,50.9,47.8,43.4,36.4,48.0,45.7,46.3,44.3,36.6,-0.4009819967266776,-24.5,electricity
California,100.3,103.3,93.7,84.9,92.3,102.2,84.4,105.7,98.7,108.7,111.5,117.2,121.7,117.4,123.9,111.9,107.1,115.9,128.3,126.3,130.3,133.4,123.0,122.9,130.6,122.3,126.1,130.9,131.2,126.9,123.4,116.5,130.3,131.6,127.8,126.5,119.3,0.189431704885344,19.0,natural_gas
California,66.0,58.3,52.1,56.8,70.0,67.4,62.4,69.7,66.3,65.5,67.2,67.9,68.8,65.9,65.3,63.6,65.3,70.1,68.5,66.7,67.3,69.3,70.3,70.7,74.2,70.8,70.0,68.1,66.5,62.7,65.1,65.0,65.0,68.9,68.6,68.8,68.8,0.04242424242424248,2.799999999999997,industrial
California,242.1,226.0,199.6,206.9,221.4,214.4,217.2,226.3,240.9,244.2,239.8,221.1,220.8,215.4,225.2,225.8,229.6,223.1,222.9,228.1,240.3,241.9,250.4,239.4,249.7,255.1,259.8,260.1,244.3,236.3,234.2,226.9,218.7,220.8,221.4,231.4,239.0,-0.01280462618752576,-3.0999999999999943,petroleum
California,6.1,7.2,6.4,3.0,3.5,4.2,4.0,4.2,4.8,6.2,8.0,8.5,8.7,8.0,8.0,8.0,7.6,7.8,6.3,6.6,6.6,6.4,6.6,6.5,6.5,6.4,6.3,6.3,6.0,4.9,5.2,5.2,4.1,3.6,3.7,2.9,3.0,-0.5081967213114753,-3.0999999999999996,coal
California,30.4,28.0,30.8,28.7,27.0,30.3,26.6,28.6,28.5,29.8,29.5,29.3,27.2,28.8,29.4,26.8,27.0,26.8,32.3,32.0,27.6,28.7,28.7,28.4,29.4,28.2,28.4,28.6,28.8,28.3,28.9,29.7,27.3,27.7,22.9,23.4,24.1,-0.2072368421052631,-6.299999999999997,residential
Colorado,5.0,4.4,5.0,5.2,5.2,5.0,4.5,4.8,5.1,5.1,5.0,5.7,5.4,6.0,5.6,6.0,6.4,6.2,5.9,6.4,6.8,7.2,7.5,7.6,7.2,7.5,7.1,7.8,8.0,7.6,7.8,7.8,7.0,8.1,8.0,7.5,7.5,0.5,2.5,residential
Colorado,23.1,26.1,25.9,23.9,27.0,28.1,27.8,27.9,29.3,30.4,31.8,31.2,32.0,32.7,33.9,32.5,33.1,34.2,34.5,34.4,36.6,37.8,36.9,37.2,36.8,36.5,37.2,36.7,36.4,33.1,36.1,34.8,34.9,34.3,33.1,32.1,30.4,0.3160173160173159,7.299999999999997,coal
Colorado,13.0,10.7,11.5,11.0,11.7,11.1,10.1,10.7,11.6,12.8,12.3,14.3,13.7,15.2,14.4,15.3,16.8,16.5,17.5,17.6,19.4,24.6,24.3,23.2,23.4,25.4,24.3,27.2,27.0,27.9,26.8,25.3,24.2,25.5,26.4,26.0,26.6,1.046153846153846,13.600000000000001,natural_gas
Colorado,20.8,23.0,23.7,22.6,25.3,26.5,26.3,26.7,28.2,29.8,30.9,30.3,31.2,31.8,33.2,32.2,33.9,34.1,35.5,35.6,39.2,41.4,40.1,40.3,40.3,40.6,41.6,42.9,41.0,38.4,39.9,38.9,39.1,38.5,37.7,36.6,35.3,0.6971153846153844,14.499999999999996,electricity
Colorado,17.7,17.6,18.3,18.0,18.7,19.4,19.6,19.8,19.2,18.6,19.0,19.2,19.5,21.3,21.6,22.3,22.8,22.6,23.7,25.2,25.5,26.9,26.7,26.3,29.0,29.6,30.4,31.0,29.5,28.7,29.0,28.0,27.9,27.5,28.2,27.9,28.2,0.5932203389830508,10.5,transportation
Colorado,10.5,8.5,7.2,6.5,6.2,5.2,5.5,5.0,5.8,6.4,6.4,7.4,7.6,8.3,7.8,7.7,7.9,8.3,8.8,8.4,9.3,12.8,12.1,11.8,12.5,13.4,13.5,13.4,13.8,13.4,14.4,13.0,13.3,13.3,14.1,14.4,14.3,0.361904761904762,3.8000000000000007,industrial
Colorado,21.8,20.1,20.6,21.3,21.0,21.0,21.7,21.6,21.6,20.7,21.0,21.4,22.0,23.7,23.7,24.3,25.2,24.5,25.7,27.4,28.4,30.2,29.5,29.7,32.8,33.3,34.6,34.9,33.5,31.7,32.3,31.5,31.3,31.3,32.2,32.3,32.1,0.4724770642201834,10.3,petroleum
Colorado,3.9,3.5,3.9,4.0,4.4,4.1,3.6,3.9,4.2,4.0,3.7,4.2,4.0,4.1,4.0,3.9,4.1,4.1,3.7,3.8,3.7,4.4,4.3,4.2,4.0,4.0,3.7,3.7,4.5,4.6,4.2,3.9,3.3,3.7,3.7,4.0,3.9,0.0,0.0,commercial
Connecticut,0.0,0.1,0.1,0.1,0.1,2.0,2.0,2.0,2.2,2.2,3.6,3.6,3.7,3.5,3.6,3.8,3.9,4.2,3.1,1.4,3.4,3.8,3.2,4.0,4.2,4.0,4.3,3.8,4.3,2.5,2.7,0.6,0.9,0.7,0.9,0.6,0.2,- -,0.2,coal
Connecticut,3.9,4.1,4.2,4.0,4.4,4.3,4.3,5.0,4.8,5.4,5.8,6.1,6.7,6.7,7.1,7.7,7.4,7.9,7.2,8.3,8.7,7.9,9.6,8.3,8.8,9.1,9.3,9.7,9.0,10.0,10.8,12.5,12.5,12.7,12.9,13.8,13.5,2.461538461538462,9.6,natural_gas
Connecticut,10.7,9.1,8.6,9.8,10.3,10.5,11.1,10.1,11.3,12.1,11.3,10.9,8.7,7.5,7.4,8.2,9.3,12.5,11.4,10.2,10.9,9.6,8.6,7.9,8.7,10.0,9.5,8.8,7.9,6.5,7.7,6.6,7.2,6.8,6.7,7.4,7.0,-0.3457943925233644,-3.6999999999999993,electricity
Connecticut,13.2,12.9,13.2,13.3,13.9,14.0,14.2,14.9,15.4,15.5,14.6,14.5,14.6,14.7,14.6,14.3,15.1,15.2,15.4,16.6,16.1,16.9,16.8,17.3,19.2,18.3,17.5,17.4,16.4,16.0,15.7,15.5,15.1,15.2,15.1,15.1,15.3,0.1590909090909092,2.1000000000000014,transportation
Connecticut,37.0,31.8,31.7,31.3,34.1,32.1,33.7,33.1,35.8,36.6,31.5,30.2,30.0,28.2,26.9,25.4,28.5,30.6,30.2,31.9,30.9,30.0,27.2,30.5,31.6,31.0,27.4,26.7,24.4,23.4,22.7,21.8,20.7,21.4,21.4,22.0,20.6,-0.4432432432432432,-16.4,petroleum
Connecticut,3.1,3.1,3.1,3.5,4.2,4.1,4.0,3.9,3.8,4.3,3.8,3.6,4.3,3.8,4.1,3.8,4.1,4.3,4.0,4.3,4.5,4.3,4.1,4.9,3.9,3.7,3.3,3.3,3.4,3.3,3.3,3.6,3.2,3.6,3.8,4.3,3.9,0.2580645161290323,0.7999999999999998,commercial
Connecticut,6.3,3.5,3.8,3.0,3.4,3.1,3.0,3.3,3.3,3.1,3.0,3.2,3.4,3.5,3.1,2.8,3.0,2.8,2.7,2.7,2.8,2.6,2.5,3.0,2.8,2.9,2.8,2.5,1.9,2.1,2.0,2.1,2.0,2.2,2.1,1.9,1.8,-0.7142857142857142,-4.5,industrial
Connecticut,7.7,7.5,7.2,5.9,6.8,6.8,7.7,8.0,8.9,9.2,8.1,7.8,9.3,8.9,8.5,7.8,8.3,8.0,7.0,7.9,8.6,8.3,8.1,9.6,10.1,9.2,8.0,8.2,8.0,8.1,7.5,7.2,6.6,7.2,7.5,7.7,6.3,-0.1818181818181819,-1.4000000000000004,residential
Delaware,5.8,7.4,6.3,8.8,8.6,8.2,8.0,8.0,8.4,7.8,7.5,7.8,6.8,7.6,7.1,6.7,6.6,5.7,5.5,5.1,5.3,5.2,5.1,5.9,6.0,6.4,5.7,6.7,6.2,3.8,4.2,3.8,4.6,4.1,3.6,3.3,3.6,-0.3793103448275862,-2.1999999999999997,electricity
Delaware,13.1,9.9,8.5,8.4,8.9,8.1,8.6,8.9,10.0,9.7,9.0,9.8,9.8,9.5,9.0,7.9,9.0,8.2,8.4,8.7,8.6,9.1,8.6,8.8,8.3,8.8,8.0,7.9,7.2,6.0,5.4,6.2,6.2,6.0,6.1,6.5,6.5,-0.5038167938931297,-6.6,petroleum
Delaware,3.9,3.7,3.5,4.0,4.1,4.1,4.3,4.7,4.6,4.7,4.5,5.1,4.7,4.9,4.6,4.3,4.8,4.7,4.7,4.9,5.1,4.7,4.9,4.8,4.9,5.2,5.2,5.2,5.0,4.8,4.3,4.1,4.2,4.1,4.2,4.4,4.6,0.1794871794871795,0.6999999999999997,transportation
Delaware,3.9,2.7,2.6,2.8,3.4,2.9,2.8,3.0,3.1,3.0,2.9,2.8,3.0,3.3,3.5,3.4,3.3,3.1,3.1,3.4,3.7,3.7,3.2,2.9,3.1,3.3,3.1,3.0,2.8,1.5,0.8,2.7,3.1,3.2,3.1,3.2,3.4,-0.1282051282051282,-0.5,industrial
Delaware,2.6,4.7,4.5,6.9,6.8,6.7,6.2,6.6,6.5,5.8,5.6,5.4,4.3,6.0,5.4,5.0,4.8,4.6,4.3,3.4,4.7,3.6,3.8,4.4,5.1,5.4,5.3,6.0,5.8,3.2,2.9,1.7,1.6,1.7,1.0,0.7,0.8,-0.6923076923076923,-1.8,coal
Delaware,1.1,1.0,1.0,1.1,1.4,1.4,1.1,1.3,1.3,1.3,1.0,1.1,1.1,1.1,1.2,1.2,1.3,1.1,1.1,1.1,1.2,1.2,1.2,1.3,1.2,1.2,1.0,1.0,1.0,1.0,1.0,0.9,0.8,0.9,1.0,1.0,0.8,-0.2727272727272727,-0.30000000000000004,residential
Delaware,1.6,1.7,1.5,1.9,2.3,2.1,1.8,2.0,1.6,1.9,1.9,2.1,2.0,2.1,2.5,3.3,3.0,2.6,2.2,3.1,2.7,2.7,2.9,2.5,2.6,2.6,2.4,2.6,2.6,2.7,3.0,4.3,5.5,5.3,5.7,5.7,6.0,2.75,4.4,natural_gas
Delaware,2.6,1.5,1.1,0.5,0.5,0.5,0.5,0.6,0.6,0.6,0.6,0.6,0.5,0.7,0.6,0.6,0.7,0.7,0.6,0.6,0.6,0.7,0.7,0.8,0.8,0.7,0.7,0.7,0.6,0.8,0.8,0.7,0.7,0.8,0.8,0.9,0.9,-0.6538461538461539,-1.7000000000000002,commercial
District of Columbia,1.9,2.0,2.6,2.0,1.9,1.9,2.1,1.9,2.0,2.0,1.8,1.8,1.8,1.9,1.8,1.8,1.7,1.8,1.7,1.7,1.8,1.7,1.6,1.6,1.7,1.4,1.2,1.2,1.0,1.1,1.0,1.1,1.0,1.0,1.1,1.1,1.1,-0.4210526315789473,-0.7999999999999998,transportation
District of Columbia,1.5,1.6,1.6,1.6,1.6,1.6,1.6,1.7,1.8,1.8,1.5,1.7,1.8,1.8,1.7,1.8,1.8,1.8,1.7,1.7,1.8,1.6,1.8,1.8,1.8,1.8,1.6,1.8,1.7,1.8,1.8,1.8,1.6,1.8,1.9,1.8,1.6,0.06666666666666665,0.10000000000000009,natural_gas
District of Columbia,1.1,0.9,1.0,1.0,1.3,1.2,1.2,1.1,1.1,1.0,0.9,0.9,1.0,1.0,0.9,1.0,1.1,1.0,0.8,0.9,0.9,0.8,0.9,1.0,0.9,0.9,0.7,0.8,0.8,0.8,0.8,0.7,0.7,0.8,0.8,0.8,0.6,-0.4545454545454546,-0.5000000000000001,residential
District of Columbia,1.2,1.2,1.4,1.8,1.7,1.4,1.7,1.6,1.2,1.3,1.2,1.4,1.4,1.4,1.4,1.4,1.4,1.4,1.3,1.2,1.3,1.4,1.3,1.2,1.3,1.3,1.1,1.2,1.1,1.2,1.2,1.1,0.9,1.0,1.0,1.0,0.9,-0.25,-0.29999999999999993,commercial
District of Columbia,0.3,0.2,0.3,0.3,0.2,0.3,0.1,0.2,0.1,0.1,0.2,0.2,0.1,0.1,0.1,0.0,0.1,0.1,0.0,0.0,0.0,0.1,0.0,0.0,0.1,0.1,0.0,0.0,0.0,0.0,0.0,0.0,0.0,0.0,0.0,0.0,0.0,-1,-0.3,coal
District of Columbia,0.3,0.2,0.1,0.0,0.0,0.0,0.1,0.0,0.0,0.0,0.0,0.0,0.0,0.0,0.0,0.0,0.0,0.0,0.0,0.1,0.0,0.1,0.1,0.1,0.1,0.1,0.1,0.0,0.0,0.0,0.0,0.0,0.0,0.0,0.0,0.0,0.0,-1.0,-0.3,industrial
District of Columbia,0.8,0.4,0.1,0.3,0.4,0.2,0.2,0.3,0.5,0.7,0.4,0.2,0.1,0.2,0.3,0.2,0.1,0.1,0.3,0.3,0.2,0.2,0.3,0.1,0.1,0.2,0.1,0.1,0.1,0.0,0.2,0.2,0.0,0.0,0.0,0.0,0.0,-1,-0.8,electricity
District of Columbia,3.5,2.9,3.3,3.2,3.4,2.8,3.5,3.2,3.1,3.1,2.7,2.6,2.5,2.7,2.7,2.7,2.5,2.3,2.4,2.4,2.5,2.4,2.4,2.1,2.2,2.0,1.6,1.5,1.3,1.3,1.4,1.3,1.1,1.0,1.1,1.2,1.2,-0.6571428571428571,-2.3,petroleum
Florida,21.1,22.2,22.6,30.0,35.6,44.4,43.2,55.1,57.5,59.9,59.7,61.3,61.2,61.7,62.6,64.8,70.4,71.0,70.8,67.6,71.8,68.5,67.9,68.3,66.0,63.5,65.8,68.1,65.5,54.9,60.2,52.2,45.6,47.7,52.7,44.1,40.2,0.90521327014218,19.1,coal
Florida,68.2,68.2,66.9,66.8,65.5,67.9,71.7,76.1,80.6,81.4,81.4,77.1,79.9,78.9,84.4,86.5,87.2,90.4,91.8,94.5,100.3,98.8,101.2,99.6,110.6,113.5,116.0,114.4,103.7,97.2,104.2,102.4,99.5,100.0,101.1,104.8,103.6,0.5190615835777124,35.39999999999999,transportation
Florida,64.5,68.2,58.4,62.7,58.7,62.6,72.1,78.7,83.4,88.4,87.0,93.3,91.1,95.5,97.3,99.0,103.9,107.9,119.2,115.6,117.9,118.9,121.2,126.1,126.4,126.9,123.4,124.5,117.1,110.5,119.5,110.4,107.0,104.6,109.2,107.6,105.9,0.6418604651162791,41.400000000000006,electricity
Florida,19.0,15.3,11.6,11.7,13.0,13.6,11.4,11.0,12.6,12.1,12.4,11.8,13.4,14.7,15.5,16.9,16.9,15.7,16.0,16.2,15.3,14.5,13.0,13.9,12.8,13.1,13.2,11.9,11.6,10.4,11.8,10.4,10.7,11.1,10.9,11.7,12.0,-0.368421052631579,-7.0,industrial
Florida,17.5,19.0,18.0,17.0,16.9,16.2,15.9,16.6,16.2,17.9,18.1,19.2,19.7,19.5,22.2,30.7,29.8,29.0,28.1,31.0,30.5,30.2,37.6,37.9,40.2,42.7,48.7,50.1,51.5,57.4,62.6,65.6,71.5,66.1,65.9,73.1,75.0,3.285714285714286,57.5,natural_gas
Florida,2.2,2.2,1.7,1.8,2.1,2.2,2.1,2.1,2.0,1.7,1.5,1.6,1.7,1.7,1.6,1.5,1.7,1.4,1.4,1.4,1.5,1.4,1.4,1.4,1.5,1.5,1.4,1.3,1.3,1.4,1.6,1.3,1.1,1.1,1.3,1.2,1.2,-0.4545454545454546,-1.0000000000000002,residential
Florida,4.5,4.6,3.2,4.6,5.3,6.7,7.1,6.7,6.3,5.7,6.3,6.0,6.0,4.8,4.3,4.3,4.2,3.6,3.5,3.6,4.8,4.9,5.0,4.9,5.8,5.7,5.2,4.7,4.8,4.8,5.3,4.7,4.7,5.1,5.3,6.8,7.3,0.6222222222222222,2.8,commercial
Florida,119.8,117.3,101.3,100.6,92.1,92.4,105.4,102.9,111.1,111.4,110.8,109.3,111.2,114.4,118.3,112.7,113.6,119.0,133.2,132.8,137.5,139.8,136.3,139.7,151.1,154.4,144.7,138.7,121.6,112.0,119.5,111.5,105.7,108.3,109.2,115.0,114.8,-0.04173622704507518,-5.0,petroleum
Georgia,47.2,44.8,44.0,46.4,49.3,53.2,51.0,53.5,55.9,54.4,55.0,53.0,54.3,59.4,59.9,62.9,66.6,64.0,65.3,68.0,68.9,68.8,68.6,70.6,73.5,76.5,74.5,72.0,65.1,68.6,70.4,68.2,61.9,60.7,58.8,61.9,59.9,0.2690677966101693,12.699999999999996,petroleum
Georgia,6.0,5.8,5.4,5.8,6.2,5.7,5.9,6.5,6.9,6.7,5.8,6.2,6.9,7.4,6.8,7.2,7.9,7.3,6.8,6.4,8.7,7.4,7.7,7.9,7.8,7.6,6.7,6.8,7.2,7.1,8.3,6.7,6.0,7.0,7.8,6.9,6.8,0.1333333333333333,0.7999999999999998,residential
Georgia,16.5,15.6,14.5,15.2,17.0,20.2,15.6,16.5,17.4,17.7,18.9,18.4,18.4,17.9,18.6,19.6,20.2,19.5,18.0,17.9,19.0,18.4,18.2,19.0,19.1,19.2,18.2,16.8,15.5,13.6,14.6,14.0,13.3,14.0,14.6,13.4,13.3,-0.1939393939393939,-3.1999999999999993,industrial
Georgia,48.9,51.8,50.3,54.9,64.0,68.2,65.1,66.8,65.8,62.7,67.3,60.6,57.8,61.8,64.7,68.3,68.3,72.5,72.5,73.9,77.4,72.9,76.2,77.3,78.8,85.1,84.3,88.3,83.7,68.3,72.5,59.9,41.1,40.2,45.6,37.3,37.7,-0.2290388548057259,-11.199999999999996,coal
Georgia,17.3,17.2,16.1,16.1,16.7,15.4,15.2,16.5,17.6,17.3,16.9,17.6,18.6,19.1,18.7,20.3,20.9,20.3,20.1,18.4,22.4,19.2,20.9,20.7,21.6,22.7,23.0,24.2,23.1,25.2,28.7,28.2,33.1,33.7,35.3,37.8,38.6,1.23121387283237,21.3,natural_gas
Georgia,48.0,49.8,48.0,51.9,60.4,64.6,61.4,62.3,61.1,58.1,62.2,55.8,53.6,58.0,60.3,64.4,64.1,68.8,70.3,71.6,75.5,70.2,75.0,75.1,77.2,85.1,85.8,91.4,85.6,73.7,79.1,67.8,55.7,53.6,59.5,55.7,57.5,0.1979166666666667,9.5,electricity
Georgia,39.1,38.6,38.6,39.9,41.5,42.0,44.2,47.1,49.4,47.9,48.5,47.3,47.8,53.0,53.6,56.2,59.4,57.1,59.1,61.1,61.2,61.1,61.3,63.2,66.0,68.8,67.9,66.2,60.2,64.1,65.6,64.0,57.5,55.9,53.5,56.4,54.0,0.381074168797954,14.899999999999999,transportation
Georgia,3.8,4.1,3.9,4.6,5.0,4.2,4.2,4.4,4.5,4.0,3.9,3.6,4.0,4.0,3.9,4.1,4.1,4.1,3.7,3.3,4.1,3.8,3.4,3.4,3.8,3.6,3.2,3.2,3.4,3.5,4.0,3.8,3.6,4.0,4.1,4.7,4.6,0.2105263157894737,0.7999999999999998,commercial
Hawaii,0.0,0.0,0.1,0.1,0.1,0.1,0.0,0.1,0.1,0.1,0.1,0.1,0.6,1.5,1.5,1.9,1.9,1.9,1.7,1.7,1.7,1.7,1.6,1.7,1.7,1.6,1.5,1.6,1.7,1.6,1.6,1.5,1.6,1.4,1.6,1.5,1.6,- -,1.6,coal
Hawaii,10.5,8.9,7.3,8.5,9.3,10.3,9.1,8.9,10.1,11.1,11.1,10.9,10.5,9.4,10.1,10.0,8.7,8.3,8.1,8.8,9.0,9.5,10.0,11.6,12.3,12.7,12.9,14.0,9.5,9.3,9.6,10.1,10.0,9.9,9.9,10.1,10.2,-0.02857142857142869,-0.3000000000000007,transportation
Hawaii,0.0,0.0,0.0,0.0,0.0,0.0,0.0,0.0,0.0,0.0,0.0,0.0,0.0,0.0,0.0,0.0,0.0,0.0,0.0,0.0,0.0,0.0,0.0,0.0,0.0,0.0,0.0,0.0,0.0,0.0,0.0,0.0,0.0,0.0,0.0,0.0,0.0,- -,0.0,natural_gas
Hawaii,5.5,5.5,5.2,5.3,5.5,5.4,5.7,6.0,6.4,6.7,7.6,6.3,7.2,7.2,7.5,7.7,8.0,8.0,7.8,7.9,8.0,8.0,8.6,7.9,8.2,8.1,8.1,8.1,7.9,7.7,7.6,7.4,7.1,6.8,6.7,6.6,6.6,0.2,1.0999999999999996,electricity
Hawaii,0.0,0.0,0.0,0.0,0.0,0.0,0.0,0.0,0.0,0.0,0.0,0.0,0.0,0.0,0.0,0.0,0.0,0.0,0.1,0.0,0.0,0.0,0.0,0.0,0.0,0.0,0.0,0.0,0.1,0.1,0.1,0.1,0.1,0.1,0.1,0.0,0.0,- -,0.0,residential
Hawaii,1.8,1.7,2.3,1.0,1.0,1.2,1.7,1.7,2.1,1.8,2.1,2.0,2.0,2.0,2.3,2.3,2.4,2.1,1.6,1.4,1.4,1.4,1.5,1.6,1.5,1.8,1.9,1.7,1.6,1.6,1.5,1.6,1.5,1.4,1.4,1.4,1.3,-0.2777777777777778,-0.5,industrial
Hawaii,18.2,16.3,14.9,14.9,15.8,16.9,16.7,16.6,19.6,20.5,21.5,19.5,20.0,17.4,18.8,18.3,17.3,16.7,17.0,16.7,17.0,17.4,18.8,19.6,20.6,21.4,21.7,22.4,17.5,17.2,17.4,17.9,17.3,17.0,16.7,17.0,16.9,-0.07142857142857151,-1.3000000000000007,petroleum
Hawaii,0.3,0.2,0.2,0.1,0.1,0.1,0.1,0.2,1.2,1.0,0.6,0.3,0.8,0.2,0.4,0.2,0.1,0.2,1.0,0.2,0.2,0.1,0.2,0.2,0.2,0.2,0.2,0.2,0.2,0.3,0.2,0.3,0.3,0.3,0.3,0.4,0.3,0.0,0.0,commercial
Idaho,3.8,3.6,3.2,3.0,2.8,2.8,2.7,3.0,3.1,3.3,3.5,4.0,3.4,3.5,3.6,3.8,4.1,3.6,3.7,3.7,4.2,4.0,3.8,3.5,3.8,4.0,3.5,3.5,3.3,3.3,3.4,3.6,3.3,3.5,3.6,3.4,3.4,-0.1052631578947368,-0.3999999999999999,industrial
Idaho,0.9,0.9,1.0,0.9,0.8,0.8,0.8,0.8,0.9,0.9,1.0,1.2,0.9,0.9,0.9,0.8,0.7,0.6,0.8,0.8,1.3,1.1,1.0,1.0,1.2,1.1,0.8,1.0,0.8,0.8,0.8,0.7,0.5,0.7,0.7,0.4,0.2,-0.7777777777777778,-0.7,coal
Idaho,0.0,0.0,0.0,0.0,0.0,0.0,0.0,0.0,0.0,0.0,0.0,0.0,0.0,0.0,0.0,0.0,0.0,0.1,0.1,0.1,0.1,0.6,0.1,0.5,0.6,0.6,0.5,0.7,0.7,0.7,0.7,0.4,0.7,1.3,1.0,1.5,1.3,- -,1.3,electricity
Idaho,7.7,6.8,6.6,6.8,6.8,6.9,7.1,7.3,7.5,7.8,7.9,8.1,7.8,8.5,8.6,9.1,9.7,9.5,9.5,10.3,10.4,10.2,10.2,9.7,10.3,10.6,10.9,10.9,9.9,9.8,10.7,10.6,10.4,10.7,11.0,11.8,12.3,0.5974025974025974,4.6000000000000005,petroleum
Idaho,5.9,5.4,5.3,5.2,5.4,5.6,5.7,5.8,5.9,6.1,6.3,6.2,6.3,7.1,7.3,7.8,7.9,8.1,8.3,8.7,8.8,8.6,8.7,8.3,8.6,8.6,9.2,9.5,8.6,8.5,9.2,8.9,9.0,9.2,9.3,10.3,10.8,0.8305084745762712,4.9,transportation
Idaho,2.7,2.6,2.3,2.0,2.1,2.2,1.9,2.0,2.2,2.5,2.5,2.8,2.7,3.1,3.1,3.5,3.7,3.8,3.8,3.9,4.0,4.3,3.9,3.8,4.2,4.1,4.2,4.5,4.8,4.6,4.5,4.5,4.8,5.7,5.0,5.7,5.9,1.185185185185185,3.2,natural_gas
Idaho,0.9,0.6,0.7,0.7,0.9,0.8,0.7,0.7,0.9,0.9,0.8,0.9,0.9,0.8,0.8,0.8,1.0,0.9,0.9,1.1,1.1,1.0,1.0,0.9,1.0,1.0,1.0,1.1,1.1,1.0,1.1,1.2,1.1,1.2,1.2,1.3,1.4,0.5555555555555554,0.4999999999999999,commercial
Idaho,0.7,0.7,0.6,0.7,0.7,0.8,0.7,0.7,0.8,0.8,0.8,0.9,0.8,1.0,0.9,1.0,1.1,1.1,1.1,1.4,1.5,1.4,1.4,1.3,1.6,1.6,1.6,1.6,1.8,1.7,1.6,1.8,1.5,1.8,1.6,1.5,1.6,1.285714285714286,0.9000000000000001,residential
Illinois,57.9,55.2,53.8,55.3,49.1,50.5,49.7,50.2,53.7,54.7,54.0,51.8,52.6,55.6,53.7,55.3,57.2,57.5,58.7,64.8,66.5,64.3,62.2,65.1,68.7,76.1,72.5,72.4,68.3,66.7,65.5,65.0,62.9,63.7,65.1,67.9,68.3,0.1796200345423142,10.399999999999999,transportation
Illinois,74.5,69.0,66.1,70.8,66.5,64.1,63.7,60.1,55.0,53.9,57.2,58.2,53.0,63.9,66.3,67.0,74.6,79.7,78.6,79.4,85.7,85.9,88.2,88.3,94.0,93.3,91.9,96.8,96.7,90.4,94.0,91.2,85.3,89.0,87.9,76.4,66.4,-0.108724832214765,-8.099999999999994,electricity
Illinois,27.7,26.8,26.7,25.5,28.1,26.3,25.0,23.5,26.6,28.7,25.3,26.6,26.9,28.0,26.8,28.3,30.7,28.5,23.5,25.8,26.6,24.0,25.9,26.5,24.8,24.5,22.4,24.4,26.6,25.0,23.6,23.6,20.3,25.8,27.1,22.9,22.1,-0.2021660649819493,-5.599999999999998,residential
Illinois,57.1,55.9,52.9,50.7,56.0,52.0,48.8,46.4,51.6,53.5,50.5,53.0,53.2,55.3,55.1,58.0,60.3,58.1,51.8,53.7,55.2,50.9,55.8,53.1,50.7,51.6,47.5,51.4,53.2,50.8,51.1,52.3,49.8,56.4,58.8,53.7,55.5,-0.02802101576182137,-1.6000000000000014,natural_gas
Illinois,95.7,84.6,78.1,79.7,71.5,69.9,71.9,74.7,78.2,70.4,70.1,66.5,67.5,71.4,70.8,71.8,74.6,75.0,73.9,80.2,80.6,79.3,76.4,80.3,84.3,91.5,87.6,87.1,82.6,78.3,78.0,77.2,74.8,76.3,77.6,81.2,82.4,-0.1389759665621734,-13.299999999999997,petroleum
Illinois,79.0,74.6,73.0,79.5,78.1,76.1,75.4,73.5,70.0,67.7,70.5,71.4,65.7,76.5,77.8,77.9,86.7,91.9,89.5,90.4,95.9,92.8,93.1,95.3,100.9,98.9,98.7,103.0,104.2,95.8,100.9,99.2,91.4,96.8,96.0,80.2,66.2,-0.1620253164556962,-12.799999999999997,coal
Illinois,15.0,15.1,14.6,14.8,16.5,14.3,13.0,12.2,13.5,12.2,12.4,11.9,12.1,12.5,12.2,12.4,13.3,12.9,11.0,11.4,12.2,11.6,12.3,12.8,12.1,11.7,11.5,11.7,13.1,13.1,11.5,12.4,10.9,13.5,14.3,13.4,13.3,-0.1133333333333333,-1.6999999999999993,commercial
Illinois,56.7,48.9,42.7,43.6,45.4,42.8,44.8,48.6,51.0,42.2,42.1,42.4,41.9,43.3,44.6,44.8,45.8,46.4,43.3,42.9,40.6,37.1,36.6,36.0,36.3,36.4,35.7,36.2,35.3,29.7,35.3,36.6,36.7,37.6,38.1,34.3,33.9,-0.4021164021164022,-22.800000000000004,industrial
Indiana,107.5,107.0,93.9,103.1,112.9,111.6,105.8,109.2,118.7,121.2,128.1,126.1,121.3,124.1,122.1,126.6,129.4,134.1,136.4,139.2,150.2,147.6,145.5,147.6,151.7,150.2,149.6,148.2,146.9,128.6,136.5,125.5,112.3,112.8,115.0,94.8,89.1,-0.1711627906976745,-18.400000000000006,coal
Indiana,64.7,63.4,50.0,49.9,51.7,51.7,47.1,50.7,54.5,53.7,52.9,50.4,48.6,47.5,43.0,45.4,47.4,47.5,47.8,48.6,52.7,53.2,52.9,53.6,54.6,51.4,50.6,50.2,47.0,40.3,46.1,44.9,43.2,44.9,43.4,41.9,42.0,-0.3508500772797527,-22.700000000000003,industrial
Indiana,68.7,66.0,62.9,69.3,78.1,77.0,75.2,76.1,82.2,86.6,95.9,95.8,94.2,97.6,100.9,102.5,104.1,108.9,111.3,114.2,120.6,115.6,114.8,116.6,119.2,122.2,122.2,122.2,122.5,109.1,114.3,108.6,98.8,98.4,103.3,87.3,83.7,0.2183406113537119,15.0,electricity
Indiana,31.3,31.7,30.6,30.7,35.8,36.4,38.6,40.3,39.2,40.2,40.6,39.6,39.1,41.0,42.5,43.7,42.9,42.9,43.3,44.2,46.2,42.3,45.6,47.1,44.8,45.0,46.0,44.8,41.4,39.9,41.9,41.9,40.8,42.6,43.3,43.4,43.4,0.3865814696485623,12.099999999999998,transportation
Indiana,25.6,25.9,25.0,22.6,23.9,23.0,21.0,21.9,24.4,24.7,24.2,24.4,25.7,27.7,27.8,28.6,30.6,29.7,28.0,29.6,30.6,26.8,28.6,30.1,27.9,28.4,26.5,28.9,29.5,27.1,30.6,33.7,34.7,36.1,38.4,39.0,41.4,0.6171874999999998,15.799999999999997,natural_gas
Indiana,12.0,11.2,11.4,9.9,10.4,9.9,9.8,9.8,10.8,10.9,9.6,9.8,10.0,10.8,10.3,10.3,11.7,11.0,9.1,10.2,10.5,9.3,10.1,11.0,9.6,9.4,8.0,9.0,9.7,8.9,8.6,8.2,7.0,8.7,9.4,8.0,7.6,-0.3666666666666667,-4.4,residential
Indiana,6.3,5.0,5.7,6.9,7.2,6.2,5.6,5.4,5.9,5.9,5.4,5.3,5.5,5.7,5.6,5.6,6.0,5.8,5.5,5.4,6.2,5.6,5.8,6.7,6.4,5.4,4.7,5.1,6.1,5.8,5.4,5.3,4.6,5.4,5.9,5.4,5.2,-0.1746031746031745,-1.0999999999999996,commercial
Indiana,49.9,44.5,41.6,41.1,46.4,46.6,49.5,51.2,49.5,51.4,52.1,50.4,50.3,50.9,52.4,52.4,52.0,52.4,52.6,53.8,55.5,51.5,55.2,57.4,54.8,54.8,55.2,54.1,50.4,48.1,49.2,49.8,47.3,51.0,51.9,52.2,51.3,0.02805611222444893,1.3999999999999986,petroleum
Iowa,3.4,3.3,3.6,3.6,3.7,3.2,2.7,2.6,3.0,2.6,2.7,3.0,2.6,2.7,2.4,2.6,3.2,3.3,2.9,3.4,3.2,3.2,3.3,3.4,3.1,3.1,3.5,3.7,4.1,4.3,4.1,4.2,3.8,4.6,4.6,4.3,3.5,0.02941176470588247,0.10000000000000009,commercial
Iowa,23.0,21.1,21.8,20.5,19.7,19.8,20.2,19.6,19.9,19.7,19.4,19.2,19.9,21.9,22.4,23.1,23.3,22.8,24.7,25.0,24.9,24.4,25.2,24.3,26.7,26.9,27.9,27.3,27.4,27.0,27.0,27.1,25.4,26.7,27.4,26.9,28.2,0.2260869565217392,5.199999999999999,petroleum
Iowa,13.4,12.7,11.7,10.5,10.7,10.2,10.2,10.2,10.8,11.0,10.9,11.8,12.1,13.4,14.0,14.6,14.0,13.6,14.3,15.0,14.9,14.5,14.4,13.3,14.8,14.6,15.1,16.2,17.9,17.3,18.6,18.9,17.7,19.2,18.9,18.8,19.5,0.4552238805970148,6.1,industrial
Iowa,16.7,15.7,15.8,15.6,15.5,15.2,15.0,15.6,16.1,16.2,16.2,15.6,15.4,16.0,17.0,17.7,18.9,18.4,19.1,18.9,18.6,18.5,19.1,19.3,20.3,21.0,21.6,21.9,21.1,20.6,20.6,20.8,19.9,20.3,20.9,20.2,21.4,0.2814371257485029,4.699999999999999,transportation
Iowa,14.3,13.5,12.7,11.9,12.6,10.2,8.7,8.4,10.4,9.5,9.1,10.0,9.5,10.4,10.5,11.2,11.8,11.1,9.8,10.7,10.8,10.3,10.3,10.5,10.5,11.2,11.0,14.0,15.8,15.1,14.8,14.7,14.1,16.3,16.5,16.1,16.8,0.1748251748251748,2.5,natural_gas
Iowa,6.6,6.0,6.6,5.8,5.7,5.1,4.7,4.0,4.8,4.7,4.2,4.7,4.3,4.9,4.7,4.9,5.5,5.2,4.3,5.0,5.0,4.4,4.7,4.8,4.4,4.3,4.0,4.4,5.1,4.7,4.4,4.4,3.6,4.7,5.0,4.1,4.1,-0.3787878787878788,-2.5,residential
Iowa,19.2,20.5,19.8,20.7,20.4,21.5,20.9,22.6,24.4,24.6,26.2,27.1,26.1,27.8,27.8,29.7,29.7,30.3,34.2,34.2,36.0,36.1,35.8,35.9,36.4,35.5,35.8,39.0,40.8,37.0,40.6,37.2,34.3,32.1,32.5,28.4,24.7,0.2864583333333333,5.5,electricity
Iowa,22.0,23.6,22.9,23.8,23.6,25.3,24.6,27.0,28.8,29.9,31.6,32.9,31.1,32.4,32.9,35.2,36.2,37.0,40.1,40.8,42.1,41.9,41.7,41.9,41.8,40.6,41.1,43.9,45.8,42.0,46.6,43.7,39.9,38.0,37.9,32.9,28.1,0.2772727272727273,6.100000000000001,coal
Kansas,18.9,18.0,17.4,16.9,17.3,18.1,18.6,19.1,20.0,19.4,19.1,17.9,17.6,17.9,17.0,18.9,18.7,18.5,18.6,19.7,18.6,17.4,17.7,19.5,18.9,17.7,18.8,19.2,18.7,19.3,19.1,18.6,18.4,19.5,20.5,19.0,18.7,-0.01058201058201058,-0.1999999999999993,transportation
Kansas,23.7,21.5,21.8,22.5,26.1,25.1,24.8,25.2,26.9,26.0,24.9,22.7,23.6,22.0,20.9,21.9,23.3,24.1,24.0,26.9,24.8,23.4,23.1,26.4,25.1,22.0,23.2,26.7,23.6,23.3,23.3,22.5,22.4,23.2,24.2,23.2,23.4,-0.01265822784810133,-0.3000000000000007,petroleum
Kansas,22.8,23.6,22.5,23.8,27.0,24.8,24.0,25.5,26.0,25.9,26.7,26.9,24.3,29.4,29.5,28.5,32.7,30.5,31.1,33.0,36.1,34.9,38.2,38.0,37.3,37.1,35.1,38.5,36.4,35.3,35.4,34.2,30.7,32.0,30.7,26.4,24.8,0.08771929824561409,2.0,electricity
Kansas,3.4,3.0,3.2,3.3,3.6,3.4,3.2,3.2,3.5,3.4,3.2,3.4,3.1,3.3,3.1,3.2,3.5,2.5,2.5,2.4,2.5,2.4,2.4,2.4,2.3,1.8,1.7,1.9,2.1,2.0,2.0,1.9,1.6,2.0,2.2,2.5,2.4,-0.2941176470588235,-1.0,commercial
Kansas,16.9,14.9,15.0,13.8,18.7,17.4,15.0,16.5,16.8,16.1,16.0,15.3,16.4,15.6,17.6,13.8,14.3,15.5,13.9,14.3,14.0,12.5,13.7,14.0,12.8,11.0,12.8,16.2,12.6,11.3,11.6,11.6,11.8,11.7,11.7,12.2,12.8,-0.2426035502958579,-4.099999999999998,industrial
Kansas,25.6,22.4,21.3,18.4,19.1,18.8,16.3,18.2,18.5,18.0,18.7,19.8,18.0,20.5,22.0,19.5,19.1,18.0,17.2,16.0,16.7,14.5,16.3,15.1,13.8,13.7,14.3,15.5,15.5,15.5,14.9,15.1,14.2,15.3,15.5,14.9,14.8,-0.421875,-10.8,natural_gas
Kansas,18.0,20.0,20.0,21.7,25.8,24.4,23.7,25.1,25.3,25.2,25.6,25.3,23.9,28.5,28.4,27.3,31.9,29.4,29.2,31.1,34.3,33.5,37.0,36.8,36.4,35.9,34.4,37.4,35.1,33.6,34.0,32.7,29.0,30.9,29.9,25.8,23.9,0.3277777777777777,5.899999999999999,coal
Kansas,5.1,4.4,4.9,4.8,4.5,4.6,4.0,4.2,4.4,4.4,4.1,4.4,4.0,4.7,4.2,4.4,5.0,4.3,4.3,4.6,4.4,4.2,4.4,4.4,4.1,4.0,3.5,3.9,4.5,4.5,4.2,4.1,3.2,4.2,4.4,3.7,3.4,-0.3333333333333333,-1.6999999999999997,residential
Kentucky,4.2,3.4,3.1,3.5,3.7,3.2,3.1,2.9,3.4,3.0,2.6,2.8,3.0,3.0,3.2,3.1,3.2,3.4,2.9,3.4,3.2,3.0,3.1,3.0,3.1,3.0,2.5,2.5,2.6,2.3,2.4,2.3,2.0,2.4,2.5,2.6,2.7,-0.3571428571428571,-1.5,commercial
Kentucky,32.0,28.0,27.6,29.5,29.5,28.6,28.6,30.1,32.3,33.7,31.7,31.7,33.4,34.0,33.8,34.8,33.7,36.3,36.8,37.4,37.2,38.2,43.7,40.7,44.3,43.7,43.9,43.6,41.0,39.9,41.1,40.5,38.4,37.3,37.4,38.3,39.3,0.2281249999999999,7.299999999999997,petroleum
Kentucky,17.8,14.2,14.0,14.8,16.9,17.2,15.5,16.1,15.9,17.1,17.4,16.0,16.2,17.7,17.5,19.2,19.6,18.8,17.3,16.6,16.2,17.2,17.0,16.2,17.2,17.3,18.1,17.8,17.3,14.8,16.6,16.9,15.0,14.3,14.0,14.0,13.5,-0.2415730337078652,-4.300000000000001,industrial
Kentucky,52.6,55.9,52.6,52.5,54.0,58.2,61.9,61.9,69.2,63.3,67.2,68.4,69.5,77.7,76.2,78.7,81.0,84.0,84.2,86.8,88.5,89.5,89.1,87.2,89.0,92.2,95.1,94.3,95.0,87.0,94.1,93.5,86.5,86.1,86.4,76.7,72.6,0.3802281368821292,19.999999999999993,electricity
Kentucky,22.7,22.6,22.3,23.4,23.4,22.3,23.4,24.3,26.4,28.0,26.2,26.2,27.4,28.7,28.5,29.6,27.8,30.0,30.0,31.1,31.2,31.7,32.8,31.4,34.1,33.2,33.1,34.4,31.5,31.9,32.4,31.8,30.3,30.0,30.8,31.7,32.2,0.4185022026431719,9.500000000000004,transportation
Kentucky,5.7,4.9,4.7,4.6,4.7,4.5,4.4,4.5,4.9,4.8,4.1,4.4,4.5,4.9,4.7,4.9,5.1,5.0,4.2,4.6,4.6,3.9,4.0,4.3,4.0,3.9,3.3,3.5,3.7,3.6,3.7,3.5,2.8,3.4,3.7,3.2,2.9,-0.4912280701754387,-2.8000000000000003,residential
Kentucky,60.1,62.2,58.8,59.8,62.9,67.3,70.4,70.1,77.3,72.2,75.7,75.7,76.6,86.8,84.5,87.7,89.8,92.3,90.5,93.2,94.1,95.6,89.7,89.0,90.7,93.1,96.6,96.3,96.7,88.4,95.3,95.4,85.9,86.4,86.3,75.2,69.6,0.1580698835274541,9.499999999999993,coal
Kentucky,10.8,10.7,10.1,9.4,10.3,9.4,9.2,9.5,10.1,10.4,10.2,10.4,10.7,11.3,11.7,13.0,13.2,12.7,11.3,12.0,12.4,11.5,12.5,12.3,12.4,12.8,11.5,12.5,12.4,11.4,12.7,12.2,12.3,12.5,13.9,14.7,15.1,0.3981481481481479,4.299999999999999,natural_gas
Louisiana,4.3,4.7,4.0,4.0,4.0,3.6,3.4,3.6,3.5,3.4,3.1,3.2,3.3,3.3,3.1,3.0,3.3,3.4,3.0,2.9,3.3,3.1,2.9,2.8,2.5,2.5,2.1,2.2,2.2,2.2,2.6,2.3,1.8,2.2,2.6,2.1,1.8,-0.5813953488372092,-2.5,residential
Louisiana,27.5,26.8,26.8,26.2,27.2,29.8,30.7,29.1,33.1,33.0,34.2,34.2,35.6,37.4,38.7,39.6,35.3,39.1,41.4,41.3,42.7,39.4,41.5,39.1,41.0,42.9,37.8,38.1,39.8,37.7,42.4,46.2,42.9,40.8,39.3,39.2,36.1,0.3127272727272727,8.600000000000001,electricity
Louisiana,9.4,11.2,10.5,3.6,3.1,3.3,3.1,2.4,2.2,2.1,1.9,1.9,2.0,1.8,1.7,1.5,1.6,1.8,1.6,1.8,2.6,2.0,1.9,2.4,2.2,2.1,1.5,2.7,1.6,2.0,1.9,1.9,1.9,1.8,2.0,2.2,2.2,-0.7659574468085106,-7.2,commercial
Louisiana,0.2,2.2,6.0,10.0,11.2,15.0,16.2,16.2,20.0,19.5,19.7,20.2,21.1,21.1,21.8,20.5,19.4,21.3,21.3,21.5,23.9,22.7,21.9,23.4,24.2,23.9,25.0,23.6,24.8,23.8,24.5,25.5,22.6,21.5,19.8,16.5,13.3,65.5,13.100000000000001,coal
Louisiana,46.1,46.9,41.1,42.7,42.5,41.6,47.0,46.2,49.4,49.6,49.2,51.8,52.0,51.8,54.3,54.3,59.4,56.7,55.5,55.3,61.2,53.3,54.6,54.3,53.3,50.8,54.8,50.5,47.5,46.7,49.3,49.3,45.2,45.5,44.3,47.8,47.3,0.02603036876355747,1.1999999999999957,transportation
Louisiana,111.5,107.9,97.7,91.7,79.9,77.4,84.4,80.6,86.9,85.6,89.7,91.0,95.1,97.5,102.5,99.5,107.6,104.5,99.5,104.4,119.0,107.4,110.0,111.5,118.9,111.7,122.9,124.9,130.1,117.0,120.6,119.6,107.6,104.7,101.9,105.4,108.5,-0.02690582959641252,-3.0,petroleum
Louisiana,96.3,95.5,84.4,76.1,86.0,74.4,77.4,80.7,77.7,83.5,85.1,82.0,83.1,83.9,84.3,88.8,86.0,95.0,85.4,79.2,82.7,68.3,75.1,68.8,70.9,69.8,69.5,73.9,70.7,68.0,76.3,79.0,81.6,77.3,79.4,82.0,87.4,-0.09241952232606432,-8.899999999999991,natural_gas
Louisiana,120.8,116.1,105.7,101.3,100.3,88.5,93.6,96.2,96.3,100.6,106.2,101.9,106.3,108.3,110.7,110.4,113.4,120.0,104.7,103.7,115.9,100.6,106.0,105.1,115.0,107.2,121.4,129.0,134.4,120.2,125.1,124.5,120.0,113.3,113.1,112.5,121.7,0.007450331125827825,0.9000000000000057,industrial
Maine,3.0,2.4,2.3,1.6,2.1,2.8,3.1,3.1,3.4,3.2,3.0,3.0,3.0,3.1,3.2,3.9,4.0,3.9,4.2,4.0,3.9,3.8,3.5,4.7,5.1,4.6,4.0,3.8,3.1,2.9,2.6,2.7,2.2,2.4,2.5,3.0,2.9,-0.03333333333333333,-0.10000000000000009,residential
Maine,5.9,5.9,6.1,6.0,6.3,6.7,7.2,7.7,8.8,7.9,8.2,7.6,7.4,7.6,7.7,7.3,7.5,7.9,7.7,8.0,8.6,7.6,8.7,9.3,8.6,9.3,9.3,8.9,8.0,8.4,8.4,8.3,7.9,8.8,8.8,8.8,8.9,0.5084745762711864,3.0,transportation
Maine,1.8,1.9,1.6,1.7,1.8,1.7,2.2,2.2,2.4,2.6,2.1,1.7,1.7,1.3,1.2,1.3,1.1,1.8,2.0,3.4,3.6,5.7,5.9,4.8,4.5,3.8,2.7,2.6,2.5,2.4,2.6,2.1,1.7,1.4,1.7,1.6,1.5,-0.1666666666666667,-0.30000000000000004,electricity
Maine,1.3,1.1,1.2,1.2,1.5,1.3,1.8,1.4,2.2,2.1,2.3,2.3,1.8,1.8,1.8,1.5,1.7,1.7,1.7,1.6,1.9,1.6,1.8,2.3,2.2,2.1,1.8,2.2,2.2,1.8,1.7,1.8,1.6,1.6,1.7,1.8,1.6,0.2307692307692308,0.30000000000000004,commercial
Maine,0.3,0.3,0.6,0.6,0.5,0.5,0.9,0.6,0.6,0.6,1.0,1.5,2.6,1.6,1.7,1.0,0.9,0.8,0.7,0.6,0.9,0.7,0.8,0.7,0.7,0.7,0.6,0.6,0.6,0.2,0.2,0.1,0.1,0.2,0.2,0.2,0.2,-0.3333333333333333,-0.09999999999999998,coal
Maine,0.1,0.1,0.1,0.1,0.1,0.1,0.1,0.1,0.2,0.2,0.2,0.3,0.3,0.3,0.3,0.3,0.3,0.3,0.3,0.4,2.5,5.4,6.7,3.9,4.8,3.4,3.6,3.6,4.0,3.9,4.3,4.0,3.7,3.5,3.3,2.9,2.9,28,2.8,natural_gas
Maine,14.4,14.2,17.0,12.8,14.8,14.3,17.8,16.8,19.8,18.5,17.9,16.9,16.6,17.1,18.5,17.7,18.3,18.6,18.5,19.5,18.9,16.4,16.5,19.0,18.6,19.0,17.1,16.8,14.6,14.3,13.6,13.4,12.0,12.9,13.1,13.7,13.4,-0.06944444444444442,-1.0,petroleum
Maine,2.7,3.3,6.5,2.9,3.7,2.4,4.6,3.2,3.9,3.7,3.5,4.1,5.5,5.2,6.5,5.1,5.2,4.6,3.9,3.6,4.5,3.7,4.1,2.5,3.5,3.3,3.4,3.5,3.2,2.9,2.8,2.7,2.4,2.4,1.9,1.7,1.5,-0.4444444444444445,-1.2000000000000002,industrial
Maryland,36.9,33.7,32.0,32.6,34.3,32.0,31.7,33.8,35.3,38.5,33.3,33.0,33.0,34.4,34.5,31.6,33.3,32.9,35.4,37.4,35.8,36.8,35.1,37.5,38.4,39.8,36.6,35.6,33.9,34.6,32.6,31.2,30.4,31.1,31.7,32.6,30.9,-0.1626016260162602,-6.0,petroleum
Maryland,7.9,7.1,6.7,6.5,7.7,6.8,6.8,7.3,7.7,7.1,6.2,6.2,6.7,7.0,7.0,6.9,7.7,7.0,6.2,6.6,7.2,6.5,6.7,7.4,7.1,7.2,5.9,6.5,6.3,6.5,6.5,5.9,5.2,6.2,6.9,6.5,5.5,-0.3037974683544304,-2.4000000000000004,residential
Maryland,8.5,9.3,8.4,7.8,8.6,8.2,8.3,9.2,9.3,10.4,9.5,9.6,10.0,9.8,10.0,10.4,10.5,11.5,10.2,10.6,11.5,9.7,10.7,10.7,10.6,11.1,9.9,10.9,10.6,10.7,11.4,10.4,11.4,10.8,10.7,11.2,11.3,0.3294117647058825,2.8000000000000007,natural_gas
Maryland,14.6,13.7,11.8,12.2,14.3,12.2,11.4,12.1,11.8,11.5,10.7,8.9,5.8,6.0,6.0,5.7,6.3,6.6,5.5,5.3,5.4,6.2,5.9,5.6,5.7,5.8,5.5,5.0,4.8,3.9,3.8,3.7,3.2,2.6,2.7,2.5,2.2,-0.8493150684931506,-12.399999999999999,industrial
Maryland,18.5,15.9,16.8,18.1,20.7,19.7,21.5,22.8,25.2,29.0,26.3,25.9,25.2,27.5,28.3,27.3,27.8,27.8,31.1,32.0,31.1,30.4,30.8,31.7,30.9,32.2,29.4,30.2,27.9,24.3,24.9,22.0,19.0,17.4,19.0,16.7,17.2,-0.07027027027027033,-1.3000000000000007,electricity
Maryland,3.5,2.7,3.0,3.5,3.5,2.8,2.8,3.7,3.1,3.4,2.9,3.5,4.0,3.9,4.3,4.8,4.3,4.2,4.7,4.5,4.7,4.8,4.8,5.3,5.2,5.0,4.6,4.7,4.7,4.8,4.6,4.6,4.4,4.7,5.1,5.3,5.2,0.4857142857142858,1.7000000000000002,commercial
Maryland,21.9,19.6,20.2,21.7,25.2,24.0,25.8,27.1,28.3,27.8,27.0,25.9,23.3,24.7,25.4,27.3,27.6,27.4,28.7,28.8,29.5,30.1,30.7,31.1,30.9,31.1,30.7,31.0,29.2,25.2,25.1,22.8,18.2,17.3,19.0,15.7,15.4,-0.2968036529680365,-6.499999999999998,coal
Maryland,22.8,23.2,22.4,21.8,21.9,22.6,23.2,24.1,25.0,25.7,23.6,24.0,24.6,24.4,24.4,24.7,25.4,26.1,26.9,28.3,28.5,28.7,28.3,29.3,31.0,31.9,31.8,31.2,30.1,31.0,29.3,28.3,28.1,28.3,27.7,28.4,27.6,0.2105263157894737,4.800000000000001,transportation
Massachusetts,4.7,5.9,5.7,6.1,7.3,7.6,9.8,8.5,5.8,5.8,5.8,5.1,6.9,7.1,6.1,5.4,5.4,5.5,5.4,6.1,5.9,7.1,6.9,4.5,4.3,4.6,4.5,4.4,3.9,3.2,3.6,3.9,3.4,3.6,3.5,3.5,3.4,-0.2765957446808511,-1.3000000000000003,industrial
Massachusetts,2.1,2.5,8.4,9.1,10.9,10.4,9.4,11.1,11.0,11.5,10.7,11.1,10.6,9.4,9.6,9.9,10.7,11.6,10.4,10.7,10.8,10.3,11.2,10.3,9.9,11.3,10.6,11.3,10.1,8.7,7.9,4.1,2.3,4.0,2.8,2.3,1.9,-0.09523809523809534,-0.20000000000000018,coal
Massachusetts,24.9,22.6,24.1,23.4,25.6,24.2,26.1,26.9,27.4,29.3,25.7,26.4,24.8,22.3,22.6,21.6,21.0,26.5,27.2,24.3,22.4,22.2,23.0,25.1,23.9,24.6,21.6,23.7,20.1,17.5,18.2,14.3,12.1,12.6,10.8,11.3,10.7,-0.570281124497992,-14.2,electricity
Massachusetts,14.7,12.8,12.9,12.5,14.4,14.3,14.8,15.3,15.4,16.3,15.0,14.2,16.3,16.4,16.2,14.6,14.5,14.3,13.1,13.9,15.5,15.8,15.7,16.2,14.8,14.8,12.7,13.4,14.3,13.8,13.5,13.6,11.7,12.3,13.6,13.5,11.4,-0.2244897959183673,-3.299999999999999,residential
Massachusetts,25.4,25.4,25.7,25.7,26.1,27.0,27.5,28.5,29.7,29.8,28.8,27.6,27.4,27.7,27.9,28.4,29.7,30.1,30.1,30.8,32.0,31.5,31.7,31.6,33.3,33.8,32.7,33.0,32.7,30.0,29.8,30.0,29.3,30.4,28.8,29.7,31.7,0.2480314960629921,6.300000000000001,transportation
Massachusetts,9.0,8.8,9.6,9.8,11.1,11.7,10.0,12.3,11.5,13.8,14.5,15.1,18.3,18.6,20.2,20.8,20.5,21.8,19.5,19.2,19.0,19.3,21.5,22.0,20.4,20.5,20.1,22.2,22.0,21.7,23.7,24.6,22.9,23.1,22.9,24.3,23.5,1.611111111111111,14.5,natural_gas
Massachusetts,8.6,6.8,7.9,6.0,7.1,6.9,7.6,7.2,7.8,8.7,8.5,9.2,9.0,8.0,8.9,9.0,9.1,9.5,8.1,6.2,6.8,5.7,5.9,7.1,6.6,6.7,5.0,5.3,5.6,5.8,6.7,6.3,5.2,6.8,7.1,7.6,7.0,-0.186046511627907,-1.5999999999999996,commercial
Massachusetts,67.0,62.3,58.3,54.7,58.7,57.9,66.3,63.0,63.7,64.6,58.5,56.3,55.6,53.6,51.9,48.3,48.4,52.4,54.0,51.5,52.7,52.7,50.6,52.2,52.6,52.7,45.9,46.3,44.6,39.9,40.1,39.4,36.6,38.5,38.0,39.1,38.8,-0.4208955223880597,-28.200000000000003,petroleum
Michigan,56.0,55.2,50.6,51.0,54.6,57.7,60.6,68.1,67.0,64.6,66.8,67.0,63.9,64.8,70.3,69.5,71.5,71.4,76.4,75.5,73.2,72.9,71.3,69.9,73.2,75.7,71.7,75.3,72.7,69.3,70.4,64.9,62.9,62.1,59.6,62.4,55.1,-0.01607142857142851,-0.8999999999999986,electricity
Michigan,70.8,70.7,66.5,66.1,70.0,73.3,76.1,78.9,78.1,74.3,74.2,72.0,66.7,67.5,75.5,74.2,75.1,73.7,78.0,78.5,75.4,74.5,69.8,70.5,73.0,75.4,73.0,75.6,75.5,69.4,70.7,65.2,58.6,62.1,58.3,58.2,44.4,-0.3728813559322034,-26.4,coal
Michigan,46.4,43.1,40.4,37.7,38.6,38.0,36.4,35.5,40.5,42.3,46.7,47.2,51.2,49.1,48.7,51.5,54.0,52.4,46.2,50.2,51.6,49.1,52.2,50.4,49.8,49.2,43.3,43.2,42.3,39.8,40.3,41.8,42.7,44.1,46.6,46.3,49.2,0.06034482758620707,2.8000000000000043,natural_gas
Michigan,12.7,11.3,11.1,10.6,11.0,10.5,9.7,11.7,11.2,11.6,10.5,10.7,10.9,11.1,11.4,11.9,12.5,11.9,10.1,10.7,11.2,10.6,10.9,11.2,10.8,10.6,9.2,10.0,10.6,10.3,9.4,9.9,8.7,10.3,12.1,10.8,10.2,-0.1968503937007874,-2.5,commercial
Michigan,25.9,23.9,23.4,22.1,22.3,22.5,22.3,21.4,23.7,24.5,21.7,22.2,23.2,24.1,23.5,24.4,26.0,24.8,21.0,23.2,24.2,23.5,24.8,25.9,24.0,23.9,20.0,21.1,21.5,20.5,18.9,19.5,16.8,20.6,21.9,19.4,18.6,-0.2818532818532817,-7.299999999999997,residential
Michigan,62.8,56.2,51.3,51.0,53.3,55.5,57.8,59.7,62.4,61.7,58.8,59.1,59.4,61.3,61.4,62.3,64.3,64.6,65.5,69.1,66.4,66.1,67.1,64.9,65.5,65.8,62.9,62.5,57.2,54.7,53.8,52.6,51.5,55.4,56.6,57.2,58.1,-0.07484076433121012,-4.699999999999996,petroleum
Michigan,43.7,42.2,39.7,40.1,41.7,42.8,44.3,46.5,48.1,47.8,47.6,48.3,48.8,51.8,51.8,53.3,53.9,55.0,56.3,58.8,56.9,56.3,57.5,55.2,55.9,55.3,55.1,54.4,50.2,48.7,48.5,47.3,46.6,48.8,48.2,49.5,50.2,0.1487414187643021,6.5,transportation
Michigan,41.7,37.5,33.4,31.1,32.2,33.2,33.4,26.6,31.0,29.8,33.1,30.1,30.4,26.1,28.6,28.9,29.6,27.5,26.0,29.7,28.0,26.3,24.7,23.7,24.4,24.9,23.3,20.6,20.1,15.3,17.6,18.0,17.8,19.8,19.6,19.6,17.6,-0.5779376498800959,-24.1,industrial
Minnesota,8.8,7.9,9.2,7.5,7.8,8.1,8.1,7.4,8.7,9.4,8.1,8.9,8.4,9.1,9.0,9.4,10.7,9.6,8.1,8.5,9.3,8.9,9.3,9.8,9.4,9.0,8.2,8.9,9.6,9.0,8.3,8.3,7.3,9.2,9.9,8.1,8.0,-0.09090909090909094,-0.8000000000000007,residential
Minnesota,33.5,29.8,31.1,30.1,32.1,31.3,31.9,31.3,32.8,33.0,32.4,33.3,35.1,36.3,37.5,38.1,40.4,40.1,39.9,41.3,42.6,42.8,43.1,44.3,45.3,45.8,44.7,44.8,42.8,39.5,39.4,39.3,39.5,38.9,39.2,38.3,39.8,0.1880597014925371,6.299999999999997,petroleum
Minnesota,21.4,21.1,18.1,18.0,19.7,19.0,16.8,22.5,27.2,29.0,28.9,27.8,27.4,29.1,29.4,29.9,30.4,30.6,31.5,30.3,32.8,32.3,33.0,36.4,34.9,35.5,34.4,34.3,32.9,30.2,29.3,28.9,25.4,25.7,29.1,27.0,26.5,0.238317757009346,5.100000000000001,electricity
Minnesota,15.1,14.1,14.0,13.1,13.6,13.7,13.0,12.7,15.1,16.0,15.5,16.9,16.6,17.6,17.4,19.0,19.9,19.1,17.9,18.6,19.5,18.3,19.9,19.9,19.2,19.7,19.0,21.0,23.1,21.5,22.7,22.5,22.8,25.4,26.0,23.8,24.8,0.6423841059602651,9.700000000000001,natural_gas
Minnesota,23.4,22.4,21.6,22.0,24.0,23.2,23.4,23.3,24.3,24.0,23.6,24.7,26.0,27.5,28.4,29.5,30.4,29.9,31.4,33.5,34.7,34.0,34.5,34.6,35.7,36.2,35.7,35.9,33.9,31.4,31.4,31.0,31.5,30.0,30.2,29.8,31.4,0.341880341880342,8.0,transportation
Minnesota,22.7,22.9,20.0,19.8,21.7,21.2,18.9,24.1,28.6,30.6,30.7,28.4,28.3,30.7,31.4,31.9,33.5,32.3,33.7,32.3,35.3,33.4,34.1,36.9,35.8,35.8,35.0,34.6,33.9,31.0,29.8,29.8,24.3,25.3,29.6,25.6,24.7,0.08810572687224671,2.0,coal
Minnesota,4.5,4.3,4.9,5.6,6.1,5.9,5.1,4.4,5.4,5.7,5.7,5.5,5.0,5.3,5.5,5.9,6.3,6.2,5.5,5.4,5.8,5.8,6.4,6.4,5.9,6.0,5.9,5.9,6.5,6.3,5.7,6.0,5.3,6.7,7.1,6.4,6.3,0.3999999999999999,1.7999999999999998,commercial
Minnesota,13.2,11.2,11.1,9.9,9.8,10.1,10.5,10.4,11.0,11.4,12.3,11.8,13.1,13.6,13.9,14.3,16.0,15.1,15.1,14.5,14.8,13.4,13.8,13.8,14.4,14.6,14.5,15.4,16.9,15.2,17.2,17.3,17.1,17.9,18.6,16.5,17.0,0.2878787878787878,3.8000000000000007,industrial
Mississippi,7.0,7.8,9.4,9.0,9.8,10.3,10.2,11.5,12.2,9.0,9.8,9.0,8.2,9.4,9.2,9.8,12.1,12.5,11.9,13.0,13.9,18.7,14.6,16.9,17.5,16.6,17.9,17.5,16.7,13.4,14.0,10.2,7.8,9.2,11.0,6.8,5.8,-0.1714285714285715,-1.2000000000000002,coal
Mississippi,9.8,9.9,11.0,10.9,11.6,10.2,9.8,9.2,10.5,11.1,12.0,11.1,11.5,10.7,10.2,10.2,10.7,9.9,9.0,11.7,10.8,10.8,10.9,10.9,11.4,10.6,10.9,10.9,10.5,9.7,11.0,10.4,10.8,10.9,10.8,10.7,10.2,0.04081632653061207,0.3999999999999986,industrial
Mississippi,14.6,13.0,13.9,11.5,12.8,12.8,13.0,13.2,14.0,11.6,13.4,12.2,10.9,13.7,13.9,15.3,17.0,18.0,19.7,20.8,21.3,30.7,23.2,23.1,25.2,25.0,25.6,27.5,25.6,23.0,26.4,23.0,23.2,21.6,23.7,24.7,25.9,0.773972602739726,11.299999999999999,electricity
Mississippi,2.1,2.0,2.0,2.1,1.9,1.8,1.7,1.9,1.9,1.9,1.8,1.8,1.9,2.0,2.0,1.9,2.2,2.0,1.9,1.9,2.4,2.4,2.1,2.0,1.8,1.8,1.6,1.6,1.8,1.8,2.0,1.7,1.4,1.7,2.0,1.6,1.4,-0.3333333333333334,-0.7000000000000002,residential
Mississippi,14.4,13.2,14.7,13.0,14.7,12.4,11.7,11.3,11.5,12.3,13.9,13.6,13.3,12.5,14.1,15.7,14.7,14.0,13.4,16.9,16.6,18.1,18.8,14.6,15.4,16.5,16.8,19.9,19.3,19.7,23.6,23.2,26.5,22.6,23.3,28.5,29.9,1.076388888888889,15.499999999999998,natural_gas
Mississippi,3.0,2.7,1.2,1.6,1.5,1.4,1.3,1.4,1.4,1.4,1.3,1.3,1.4,1.3,1.4,1.4,1.6,1.5,1.5,1.4,1.6,1.6,1.5,1.7,1.5,1.4,1.3,1.8,1.5,1.5,1.5,1.5,1.4,1.4,1.7,1.6,1.6,-0.4666666666666667,-1.4,commercial
Mississippi,18.1,17.8,17.4,16.8,16.8,17.4,18.8,20.4,21.5,20.0,20.1,22.0,22.9,23.0,23.1,23.3,23.4,24.2,24.5,25.8,25.1,24.3,24.9,26.4,25.7,25.1,26.6,26.3,25.2,24.5,24.4,23.9,25.7,25.0,25.8,26.6,29.8,0.6464088397790055,11.7,transportation
Mississippi,26.2,24.3,21.4,20.8,20.1,21.0,22.7,23.4,25.5,24.7,25.0,25.8,27.0,28.9,27.2,26.5,28.0,29.2,31.3,31.7,30.7,33.1,29.1,32.6,32.7,30.8,31.2,30.6,28.5,27.4,27.7,27.1,28.0,28.7,29.6,29.9,33.2,0.2671755725190841,7.0000000000000036,petroleum
Missouri,29.1,28.2,28.7,29.0,29.8,30.4,31.9,32.5,33.6,34.1,33.6,33.5,34.7,35.7,36.8,38.2,40.1,41.0,44.6,44.0,39.2,39.3,40.3,41.7,40.5,41.4,41.8,42.1,39.5,38.7,38.7,37.9,36.7,37.1,37.7,37.5,38.0,0.3058419243986255,8.899999999999999,transportation
Missouri,5.4,4.7,5.0,5.0,5.1,4.5,4.6,4.8,4.9,4.6,4.4,4.7,4.5,5.0,4.8,4.7,5.3,5.2,4.5,4.8,4.6,5.2,4.6,4.5,4.5,4.2,4.0,4.0,4.6,4.1,4.1,4.0,3.6,4.2,4.8,4.5,4.2,-0.2222222222222222,-1.2000000000000002,commercial
Missouri,17.1,15.3,15.0,14.0,14.3,14.0,13.0,12.4,13.5,13.4,12.8,13.7,12.8,14.9,14.2,14.9,15.7,15.1,13.9,14.3,15.3,15.3,14.8,14.1,14.2,14.5,13.7,14.7,15.8,14.2,15.0,14.6,13.7,14.9,16.0,14.4,14.5,-0.1520467836257311,-2.6000000000000014,natural_gas
Missouri,13.2,12.7,11.7,9.8,10.6,11.3,9.5,9.6,9.9,9.5,9.1,8.5,8.4,9.1,9.2,9.5,9.6,10.1,9.2,10.1,9.0,9.2,9.9,9.7,10.7,10.5,10.0,10.3,8.8,7.8,7.9,7.1,7.8,8.2,8.6,8.5,8.1,-0.3863636363636364,-5.1,industrial
Missouri,49.8,50.3,49.2,53.0,55.7,49.8,48.1,49.6,51.5,51.8,50.8,50.3,49.2,44.1,50.9,56.0,59.6,63.3,65.7,64.9,65.1,67.6,68.5,75.1,76.2,78.9,78.3,75.8,74.9,72.3,75.7,78.0,72.5,76.2,73.7,65.8,60.4,0.2128514056224899,10.600000000000001,coal
Missouri,37.5,35.8,36.4,35.3,35.7,36.4,37.1,38.5,39.5,39.8,38.6,38.4,39.7,41.6,42.9,44.4,46.2,46.8,49.9,50.6,44.7,46.8,47.5,48.4,47.6,47.7,47.4,47.9,44.5,43.1,42.9,41.6,40.1,40.9,41.9,42.2,42.7,0.1386666666666667,5.200000000000003,petroleum
Missouri,9.4,8.6,8.9,8.5,8.2,8.2,7.8,7.6,8.1,8.4,7.5,8.0,7.7,8.8,8.0,8.3,9.3,8.6,7.3,7.8,7.7,8.5,7.8,7.8,7.3,7.0,6.3,6.7,7.6,6.9,6.9,6.5,5.3,6.7,7.3,6.0,5.6,-0.4042553191489362,-3.8000000000000007,residential
Missouri,47.4,47.0,46.4,49.9,52.1,45.8,44.4,46.0,47.9,48.4,47.6,47.9,46.4,41.9,49.2,54.7,57.1,60.3,63.9,63.2,64.5,67.6,68.1,73.9,75.0,78.1,77.4,75.4,74.7,72.0,76.0,78.6,73.0,75.8,73.2,65.8,61.7,0.3016877637130804,14.300000000000004,electricity
Montana,1.0,1.0,1.0,1.4,1.3,1.2,0.9,0.8,0.8,0.9,0.9,0.9,0.8,0.9,0.8,0.8,0.9,1.0,0.8,0.7,0.9,0.9,0.9,1.0,1.1,1.1,1.1,0.9,1.0,1.4,1.2,1.4,1.2,1.3,1.3,1.2,1.4,0.3999999999999999,0.3999999999999999,commercial
Montana,3.3,2.8,2.8,2.5,2.5,2.5,2.2,2.1,2.3,2.5,2.4,2.5,2.5,2.9,2.8,3.2,3.4,3.3,3.3,3.4,3.7,3.5,3.8,3.7,3.6,3.8,4.0,4.0,4.1,4.1,3.9,4.2,4.0,4.4,4.2,4.1,4.1,0.2424242424242424,0.7999999999999998,natural_gas
Montana,10.8,9.2,8.3,9.6,8.9,9.5,7.9,7.9,8.1,8.6,8.7,8.3,8.5,9.2,8.9,10.0,10.4,10.3,9.7,10.0,10.1,10.7,10.5,10.6,11.7,12.3,12.7,13.4,12.5,12.0,11.2,11.5,11.3,11.5,11.2,11.0,11.1,0.02777777777777768,0.29999999999999893,petroleum
Montana,6.3,5.9,5.7,5.9,5.8,5.8,5.7,5.8,6.0,5.9,5.8,5.7,6.2,6.4,6.7,7.0,6.8,7.0,7.0,7.3,7.4,7.5,7.5,7.2,7.7,8.2,8.5,8.9,8.2,7.8,8.0,8.0,7.8,8.1,7.8,7.6,7.9,0.253968253968254,1.6000000000000005,transportation
Montana,5.6,5.9,4.6,4.0,8.5,9.3,12.5,12.5,17.1,16.9,15.9,17.4,18.3,15.3,18.3,16.5,13.1,15.4,17.6,17.6,16.7,17.4,15.7,17.8,18.5,18.8,18.3,19.1,19.2,16.3,19.2,15.6,14.9,15.7,16.6,16.8,15.3,1.732142857142858,9.700000000000001,coal
Montana,5.4,4.3,3.4,3.8,3.3,4.1,2.8,2.6,2.8,3.4,3.5,3.4,3.3,4.1,4.0,4.4,4.0,3.7,3.4,3.5,3.5,3.8,3.7,4.0,4.4,4.7,5.2,5.4,5.1,4.3,3.6,3.7,4.1,4.2,4.1,4.0,3.8,-0.2962962962962964,-1.6000000000000005,industrial
Montana,1.4,1.2,1.4,1.3,1.2,1.3,1.2,1.1,1.2,1.3,1.3,1.3,1.1,1.3,1.2,1.3,1.5,1.5,1.2,1.2,1.4,1.4,1.5,1.5,1.6,1.6,1.6,1.6,1.8,1.8,1.6,1.7,1.5,1.6,1.6,1.5,1.5,0.0714285714285714,0.10000000000000009,residential
Montana,5.6,5.5,4.2,3.7,8.2,9.0,12.0,12.2,16.7,16.5,15.5,16.8,17.8,14.6,17.3,16.3,13.6,15.8,18.1,18.2,17.3,18.1,16.4,18.5,19.0,19.2,18.8,19.8,19.8,17.0,19.8,16.5,15.5,16.4,17.1,17.6,15.9,1.839285714285714,10.3,electricity
Nebraska,9.0,8.8,8.6,9.5,11.1,10.5,9.9,10.5,12.7,12.0,13.1,13.9,12.8,15.1,14.6,16.5,16.5,17.7,19.0,18.3,19.1,20.7,20.1,21.0,20.6,21.3,21.1,20.3,21.8,23.1,23.1,25.4,24.4,26.0,24.3,23.4,21.2,1.355555555555556,12.2,electricity
Nebraska,2.5,2.3,2.5,2.5,2.8,2.5,2.1,2.0,2.3,2.1,2.1,2.2,2.0,2.0,2.2,2.2,2.3,2.1,1.7,1.6,1.8,1.7,1.6,1.7,1.8,1.6,1.7,1.8,2.1,1.9,1.9,1.9,1.6,2.0,2.0,2.0,1.8,-0.28,-0.7,commercial
Nebraska,8.8,9.2,9.1,9.8,11.7,10.9,10.3,10.9,13.1,12.3,13.4,14.3,13.3,15.7,15.1,16.9,16.9,18.3,19.3,18.7,19.5,21.4,20.6,21.5,21.1,21.6,21.5,20.5,22.2,23.6,24.0,26.9,25.7,27.7,26.1,25.1,22.7,1.579545454545454,13.899999999999999,coal
Nebraska,3.1,2.8,3.2,3.0,2.8,2.8,2.6,2.4,2.7,2.8,2.5,2.7,2.5,2.9,2.7,2.7,3.1,2.9,2.6,2.6,2.8,3.0,2.9,2.8,2.5,2.5,2.3,2.5,2.9,2.7,2.7,2.6,2.1,2.7,2.8,2.3,2.2,-0.2903225806451613,-0.8999999999999999,residential
Nebraska,9.9,9.2,9.4,10.0,9.8,9.7,9.8,10.2,11.1,10.5,10.4,10.2,10.5,10.5,10.8,11.5,12.5,12.7,13.3,13.7,12.1,11.4,11.7,12.0,12.1,12.2,12.3,12.4,12.1,12.2,14.2,13.7,13.3,13.4,13.9,13.8,13.8,0.393939393939394,3.9000000000000004,transportation
Nebraska,13.1,12.1,12.7,13.4,12.9,13.1,13.1,13.5,14.6,14.0,13.8,13.4,13.8,13.8,14.2,14.5,15.7,15.7,16.7,16.6,15.3,14.9,15.4,15.6,16.0,15.7,15.8,16.0,15.3,15.0,16.8,16.1,16.2,16.3,16.5,16.5,16.7,0.2748091603053435,3.5999999999999996,petroleum
Nebraska,8.5,7.1,7.2,6.6,6.9,6.4,5.4,5.6,6.3,6.2,5.7,5.9,5.5,6.5,6.6,7.1,7.1,7.0,7.0,6.4,6.8,6.6,6.4,6.4,6.2,6.4,7.0,8.1,9.2,8.8,9.0,9.2,8.6,9.5,9.5,9.0,9.2,0.08235294117647052,0.6999999999999993,natural_gas
Nebraska,5.9,5.3,5.1,4.9,5.0,4.9,4.5,4.9,5.2,5.1,4.7,4.6,4.8,5.5,5.7,5.7,5.2,5.6,6.4,5.6,5.9,6.1,6.1,6.0,6.2,6.1,6.8,7.6,7.7,7.4,8.0,8.6,9.2,9.3,9.2,9.2,9.5,0.6101694915254237,3.5999999999999996,industrial
Nevada,8.7,10.5,13.8,13.2,14.6,11.9,15.2,14.6,17.3,16.0,15.6,17.0,16.9,16.2,17.0,15.3,16.0,15.7,17.4,17.2,18.8,17.8,15.6,17.2,18.3,18.7,8.0,7.8,8.4,7.9,7.6,5.9,5.0,6.1,7.5,3.5,2.9,-0.6666666666666666,-5.799999999999999,coal
Nevada,3.3,4.2,2.6,2.4,2.4,2.2,1.9,2.2,2.6,3.5,3.5,3.6,4.3,4.6,5.6,6.0,6.7,7.2,8.2,8.5,10.3,9.6,9.6,10.1,11.8,12.5,13.7,13.9,14.6,15.1,14.2,13.6,14.9,15.0,13.9,16.6,16.8,4.090909090909092,13.5,natural_gas
Nevada,1.2,1.2,1.2,1.7,1.7,1.4,1.3,1.4,1.8,2.4,2.2,2.3,2.6,2.6,2.8,3.1,2.7,2.9,2.8,2.7,2.6,2.5,2.2,2.1,2.5,2.8,2.9,2.9,2.8,2.7,2.8,1.8,2.2,2.5,3.3,2.2,3.2,1.666666666666667,2.0,industrial
Nevada,8.3,8.2,8.1,8.2,7.8,7.9,8.2,9.0,9.3,9.4,9.4,9.8,10.0,10.4,11.0,11.4,12.7,12.7,13.0,13.8,14.4,14.4,14.7,15.0,16.0,16.7,17.8,18.0,16.0,14.5,13.8,13.2,13.8,14.2,14.1,14.3,15.0,0.8072289156626504,6.699999999999999,transportation
Nevada,0.8,0.7,0.6,0.9,1.0,0.9,0.9,1.1,1.1,1.1,1.1,1.2,1.1,1.4,1.4,1.4,1.6,1.4,1.5,1.5,1.6,1.4,1.5,1.5,1.7,1.8,1.8,1.8,1.8,1.8,1.8,1.9,1.8,1.9,1.8,2.2,2.3,1.875,1.4999999999999998,commercial
Nevada,0.9,0.9,1.1,0.9,0.9,1.0,0.9,1.0,1.1,1.2,1.2,1.3,1.2,1.4,1.4,1.3,1.4,1.6,1.9,1.8,1.8,2.0,2.0,2.0,2.2,2.2,2.3,2.3,2.3,2.3,2.4,2.4,2.2,2.5,2.1,2.2,2.3,1.555555555555555,1.4,residential
Nevada,10.3,9.1,8.8,9.5,9.3,9.3,9.9,10.5,11.4,11.8,11.5,11.9,12.4,13.1,13.7,14.1,15.3,15.1,15.1,15.6,16.2,17.3,16.3,16.2,17.7,18.7,19.9,19.9,17.9,16.4,15.8,14.4,14.6,15.3,15.8,15.2,17.0,0.6504854368932038,6.699999999999999,petroleum
Nevada,11.2,12.7,14.3,13.4,14.9,12.1,15.6,14.9,18.0,17.3,16.8,18.0,18.6,18.3,19.7,18.2,19.6,19.5,21.5,21.5,24.9,24.3,21.1,23.1,25.4,26.4,16.6,16.8,18.0,18.1,16.8,14.5,14.7,15.4,16.0,14.4,13.9,0.2410714285714286,2.700000000000001,electricity
New Hampshire,9.7,8.8,8.2,8.0,9.4,9.0,11.2,11.7,12.0,12.3,11.0,10.3,10.3,10.5,10.8,10.7,10.9,11.3,12.0,12.4,11.9,11.8,12.5,14.0,14.4,13.2,11.7,11.5,11.0,10.7,10.1,10.1,9.3,9.8,10.5,10.4,10.1,0.04123711340206193,0.40000000000000036,petroleum
New Hampshire,0.9,0.8,0.9,0.7,0.7,0.7,1.1,1.4,1.3,1.3,1.4,1.3,1.2,1.2,1.3,1.2,1.4,1.4,1.2,1.2,1.5,1.4,1.4,1.7,1.9,2.0,1.4,1.4,1.4,1.4,1.2,1.4,1.2,1.3,1.4,1.5,1.4,0.5555555555555554,0.4999999999999999,commercial
New Hampshire,4.9,4.2,3.7,3.9,4.7,4.8,4.6,4.7,5.5,5.5,4.9,4.4,4.3,4.5,4.4,4.4,4.1,5.1,4.8,4.7,4.6,4.2,4.4,7.3,7.8,7.8,6.8,6.7,6.6,5.3,5.4,5.0,4.1,3.3,3.3,3.5,2.4,-0.5102040816326532,-2.5000000000000004,electricity
New Hampshire,2.7,2.3,2.6,2.8,3.2,3.7,2.4,3.0,3.1,3.0,3.0,3.3,3.3,3.5,3.2,3.4,3.4,4.2,3.6,3.3,4.2,3.8,3.8,3.9,4.1,4.2,4.2,4.2,3.8,3.1,3.2,2.3,1.3,1.6,1.4,1.0,0.5,-0.8148148148148149,-2.2,coal
New Hampshire,0.5,0.5,0.5,0.5,0.5,0.6,0.5,0.6,0.7,0.7,0.8,0.7,0.9,0.9,1.1,1.1,1.0,1.1,1.0,1.1,1.4,1.3,1.4,3.0,3.4,3.9,3.4,3.4,3.9,3.3,3.3,3.9,3.9,3.0,3.1,3.8,3.2,5.4,2.7,natural_gas
New Hampshire,1.0,0.7,0.9,0.9,1.1,1.0,1.4,1.3,1.0,0.9,0.9,0.8,1.2,1.4,1.2,1.1,1.1,1.0,1.0,1.0,1.3,1.3,1.1,1.2,1.2,1.0,1.2,0.9,0.9,0.8,0.8,0.8,0.7,0.8,0.9,0.8,0.8,-0.2,-0.19999999999999996,industrial
New Hampshire,4.1,4.0,4.0,4.1,4.4,4.5,4.9,5.3,5.5,5.5,5.2,5.3,5.3,5.4,5.5,5.7,5.9,6.2,6.8,7.1,7.2,7.2,8.1,7.6,7.8,7.3,7.2,7.3,7.1,7.0,7.0,6.8,6.6,6.7,6.7,6.7,6.7,0.6341463414634148,2.6000000000000005,transportation
New Hampshire,2.0,1.9,1.8,1.7,2.1,2.3,2.2,2.6,2.6,2.9,2.4,2.4,2.5,2.5,2.6,2.7,2.9,2.9,2.8,2.8,2.9,2.8,2.6,3.2,3.3,3.1,2.7,2.7,2.7,2.5,2.2,2.3,1.9,2.3,2.7,2.7,2.5,0.25,0.5,residential
New Jersey,12.8,10.8,9.9,9.1,10.2,9.1,10.5,10.4,11.0,11.4,10.8,10.9,11.3,10.7,11.0,10.0,11.2,11.5,10.1,11.7,10.9,9.4,9.5,10.6,10.9,11.3,9.5,11.0,10.6,11.1,10.9,11.7,10.4,10.5,12.3,10.7,10.0,-0.21875,-2.8000000000000007,commercial
New Jersey,6.4,7.1,7.4,8.6,7.9,9.7,7.3,8.5,7.6,8.9,7.6,5.8,5.9,6.0,6.1,7.5,8.2,9.4,8.1,8.4,10.8,10.6,9.9,10.1,10.6,11.8,11.0,10.6,9.2,5.6,6.8,4.7,2.4,2.4,2.9,2.2,1.6,-0.75,-4.800000000000001,coal
New Jersey,23.5,19.0,17.5,13.8,15.7,13.1,13.1,14.8,14.4,14.4,13.0,13.3,17.0,16.9,17.7,17.5,17.3,17.3,16.5,17.3,10.5,11.9,11.4,11.6,11.7,11.7,10.8,10.4,8.6,7.2,8.3,8.6,9.1,9.4,9.2,9.1,9.6,-0.5914893617021277,-13.9,industrial
New Jersey,18.1,20.8,20.0,21.6,22.3,19.9,18.6,22.2,21.7,24.8,23.8,26.3,33.2,34.6,37.5,37.8,38.1,39.0,36.9,39.1,32.8,30.4,32.7,33.7,34.2,33.2,30.1,34.0,33.7,33.9,35.6,35.9,35.6,37.8,42.7,41.3,42.2,1.331491712707182,24.1,natural_gas
New Jersey,17.8,18.0,16.5,15.0,16.9,17.1,17.0,17.8,18.5,18.4,15.3,15.2,16.5,16.2,18.1,16.1,17.8,17.1,15.1,16.1,16.8,16.2,15.7,18.4,17.4,16.9,14.1,16.1,15.8,15.5,14.6,13.9,12.5,14.7,16.1,15.5,13.6,-0.2359550561797753,-4.200000000000001,residential
New Jersey,18.1,16.5,14.6,17.2,16.8,14.7,13.0,14.4,14.1,16.7,12.2,11.9,12.6,13.3,15.4,16.9,15.8,17.1,16.0,16.7,19.0,18.6,19.1,18.1,19.1,19.3,18.3,19.4,18.7,14.6,17.7,15.6,14.8,14.4,16.7,17.9,19.7,0.08839779005524839,1.5999999999999979,electricity
New Jersey,40.8,44.3,51.4,55.0,57.2,57.1,59.4,60.2,57.5,59.2,57.0,57.9,58.2,55.1,60.2,61.2,58.9,59.6,60.6,60.4,64.8,62.9,63.8,62.3,64.5,69.3,68.5,72.0,72.9,61.1,62.3,64.3,56.7,58.3,58.9,58.3,58.0,0.4215686274509804,17.200000000000003,transportation
New Jersey,88.5,80.8,82.5,79.9,86.7,81.5,87.1,86.9,86.2,86.3,76.9,77.0,76.5,71.5,78.8,76.4,74.6,74.1,73.2,74.7,78.3,78.1,77.0,77.2,78.8,83.4,80.3,84.4,83.8,70.1,71.5,73.5,65.6,67.1,67.6,68.1,67.0,-0.2429378531073446,-21.5,petroleum
New Mexico,12.3,10.9,11.3,9.8,9.0,8.6,7.7,8.7,9.8,10.9,13.3,12.1,11.2,11.9,11.8,11.6,12.4,13.9,12.8,12.3,13.7,13.8,12.2,11.9,12.2,12.0,12.1,12.7,13.4,13.2,13.1,13.4,13.3,13.4,13.6,13.8,13.8,0.121951219512195,1.5,natural_gas
New Mexico,13.7,14.6,12.5,14.0,13.3,12.5,12.4,12.8,12.9,13.0,13.8,14.9,15.1,15.0,14.3,13.3,13.7,14.6,15.1,15.8,15.4,16.3,16.1,16.5,17.0,17.0,17.6,18.1,15.9,15.0,14.7,15.2,15.3,15.4,16.1,15.9,16.0,0.1678832116788322,2.3000000000000007,petroleum
New Mexico,19.0,18.5,21.2,24.8,23.8,25.2,22.7,24.5,25.0,26.3,26.0,22.1,25.2,25.5,26.3,26.0,26.3,27.2,27.4,28.2,28.9,28.1,26.8,28.9,29.2,30.0,29.9,28.0,26.9,28.9,25.3,26.9,24.9,24.2,20.3,20.4,18.6,-0.02105263157894732,-0.3999999999999986,coal
New Mexico,1.9,1.6,1.8,1.9,1.7,1.8,1.6,1.8,1.8,1.8,2.0,2.0,2.0,2.0,1.8,1.8,2.0,2.2,2.2,2.3,2.3,2.6,2.4,2.2,2.3,2.3,2.1,2.2,2.3,2.2,2.3,2.2,2.1,2.3,2.1,2.1,2.1,0.1052631578947369,0.20000000000000018,residential
New Mexico,7.2,6.3,6.3,7.3,7.4,5.6,4.6,5.3,5.0,5.4,7.4,7.3,7.4,7.1,7.1,7.4,8.0,7.3,6.4,6.5,7.7,7.8,7.1,7.6,8.1,7.8,7.4,8.6,7.7,7.0,7.0,7.2,7.3,7.1,7.5,7.3,7.4,0.0277777777777779,0.20000000000000018,industrial
New Mexico,22.2,21.3,23.5,26.3,25.3,26.6,23.7,25.4,26.1,27.8,27.3,23.5,26.3,26.9,27.9,27.6,28.1,29.2,29.7,30.3,31.2,30.5,28.7,30.7,30.7,32.1,32.7,31.1,30.5,32.6,29.0,30.8,28.9,28.2,24.5,24.6,23.0,0.03603603603603611,0.8000000000000007,electricity
New Mexico,1.9,1.7,1.6,2.4,1.8,1.3,1.4,1.4,2.0,1.9,1.7,1.7,1.7,1.7,1.5,1.5,1.6,1.6,1.6,1.7,1.6,1.8,1.7,1.8,1.7,1.7,1.5,1.5,1.7,1.6,1.6,1.5,1.5,1.7,1.6,1.7,1.7,-0.1052631578947368,-0.19999999999999996,commercial
New Mexico,11.8,13.1,11.8,10.7,9.8,11.1,11.5,12.0,12.8,13.4,14.8,14.6,14.0,14.8,14.1,12.7,12.7,15.4,15.4,15.5,15.2,15.6,15.3,15.0,15.6,15.2,15.9,15.3,14.0,13.7,13.2,13.6,13.6,13.7,14.3,14.4,14.2,0.2033898305084745,2.3999999999999986,transportation
New York,34.4,29.3,25.6,19.8,22.6,21.4,18.6,19.6,19.9,20.4,19.1,18.5,19.2,20.0,20.3,22.2,22.8,22.0,20.6,16.3,16.5,14.2,12.9,12.5,11.9,12.4,11.7,11.3,10.6,8.7,9.2,9.4,9.0,9.2,9.0,9.2,8.3,-0.7587209302325582,-26.099999999999998,industrial
New York,28.7,22.7,25.8,21.9,25.7,24.9,28.6,27.3,27.7,27.4,27.2,26.8,27.8,28.5,28.0,27.1,28.0,29.8,27.8,30.3,32.2,30.7,31.3,33.2,34.9,28.7,25.5,26.8,25.9,25.2,24.3,24.3,21.0,22.4,22.0,22.9,21.6,-0.2473867595818815,-7.099999999999998,commercial
New York,29.2,28.7,27.0,25.1,28.0,28.2,23.7,27.6,31.2,34.1,32.9,33.2,33.5,30.7,29.8,28.8,29.4,30.6,31.8,30.0,31.2,28.9,26.4,27.0,26.1,24.2,24.2,24.4,21.6,14.7,15.8,11.8,6.9,6.5,6.1,3.9,2.8,-0.904109589041096,-26.4,coal
New York,71.7,67.2,60.1,54.2,49.3,58.0,59.2,62.5,59.7,59.9,63.8,62.3,60.8,61.8,60.8,62.5,65.7,65.6,66.1,66.6,67.0,66.8,68.5,73.2,74.9,73.3,74.3,73.7,73.2,71.1,70.9,65.7,68.1,68.5,72.9,71.3,75.4,0.05160390516039048,3.700000000000003,transportation
New York,35.5,34.4,33.6,31.4,35.4,34.4,36.4,38.3,39.9,38.5,33.6,32.9,36.2,35.7,35.3,34.2,36.6,34.7,31.6,34.3,39.2,38.2,36.0,39.1,38.1,39.1,32.5,36.2,34.9,32.5,31.3,30.8,30.0,31.9,35.2,35.3,30.6,-0.1380281690140844,-4.899999999999999,residential
New York,39.9,40.9,42.0,39.2,42.9,41.5,39.8,42.5,43.1,46.1,47.5,48.6,54.8,54.2,58.0,68.6,65.2,72.0,67.2,69.4,67.8,63.9,65.1,60.0,59.8,58.7,59.4,64.4,63.9,61.9,65.0,66.2,66.9,69.8,73.9,74.1,70.8,0.7744360902255638,30.9,natural_gas
New York,155.0,137.2,127.8,114.9,112.8,118.6,128.1,131.8,135.1,134.2,127.5,118.3,110.3,109.2,104.3,100.3,105.7,102.2,104.3,105.7,112.6,112.9,108.6,123.8,127.3,126.4,107.3,108.8,102.2,95.4,93.1,86.0,86.6,85.8,89.8,89.7,90.0,-0.4193548387096774,-65.0,petroleum
New York,53.7,53.2,51.6,51.8,50.9,49.7,48.8,54.2,62.2,68.2,64.2,59.7,54.5,48.1,47.9,51.6,47.2,52.7,57.1,57.6,56.7,55.8,51.5,52.9,53.3,56.0,47.0,49.6,43.1,34.5,38.1,33.8,32.2,30.0,30.5,29.2,27.7,-0.484171322160149,-26.000000000000004,electricity
North Carolina,3.2,2.8,2.6,3.5,4.1,3.7,3.5,4.0,4.4,4.0,3.8,3.6,3.8,4.0,4.3,4.1,4.7,4.5,4.3,4.1,4.6,4.5,4.0,4.9,5.3,5.0,4.6,4.2,5.0,5.2,5.1,4.3,4.1,4.2,4.8,5.3,5.3,0.6562499999999998,2.0999999999999996,commercial
North Carolina,45.6,42.2,41.5,44.0,48.4,47.7,49.9,52.1,54.6,51.0,48.7,48.2,50.0,51.9,52.3,54.9,58.6,58.9,59.4,58.7,61.8,61.0,59.7,61.6,63.5,64.7,62.9,63.3,60.9,55.5,55.9,53.1,51.3,54.8,55.5,55.4,55.8,0.2236842105263157,10.199999999999996,petroleum
North Carolina,6.6,5.5,5.2,5.2,7.0,6.3,6.2,6.9,7.4,6.6,5.2,5.4,6.0,6.3,5.9,6.5,7.5,6.8,6.7,6.3,7.1,6.8,6.3,7.2,7.1,6.6,5.7,5.5,5.9,5.7,6.4,5.1,4.3,5.2,5.7,5.3,5.1,-0.2272727272727273,-1.5,residential
North Carolina,31.5,31.8,31.8,33.3,33.9,34.9,36.9,38.7,40.9,39.1,38.2,37.7,38.4,39.9,41.2,42.8,45.2,46.0,47.0,48.0,49.7,49.0,49.6,50.4,51.9,53.2,52.6,54.1,52.4,47.8,47.9,46.5,45.5,49.2,49.2,48.3,49.0,0.5555555555555556,17.5,transportation
North Carolina,58.6,61.5,58.4,55.9,52.5,51.7,54.8,47.1,48.5,55.6,53.6,53.5,61.2,65.0,59.7,62.6,70.3,72.3,71.2,70.1,74.2,71.4,72.8,72.8,73.9,76.7,73.5,78.2,75.1,64.1,70.7,59.0,50.5,46.6,47.4,38.3,36.0,-0.3856655290102389,-22.6,coal
North Carolina,8.2,8.2,7.8,7.5,7.9,7.3,7.4,8.1,8.3,8.9,8.8,9.2,9.9,10.2,10.4,11.2,11.8,11.9,11.8,11.9,12.8,11.4,12.9,12.1,12.3,12.6,12.2,13.0,13.2,13.4,16.4,16.5,19.5,23.6,24.5,27.4,28.7,2.5,20.5,natural_gas
North Carolina,15.7,14.2,13.7,13.9,16.0,15.6,16.8,16.7,16.3,16.2,17.5,17.0,18.6,18.0,17.3,18.5,18.6,18.5,17.1,15.8,16.7,15.5,14.8,14.2,14.5,14.7,13.9,13.0,12.0,10.5,11.5,11.1,10.6,11.0,10.7,10.4,10.4,-0.3375796178343948,-5.299999999999999,industrial
North Carolina,55.4,57.5,54.4,51.5,47.8,46.3,48.7,41.0,42.3,49.6,46.4,47.2,54.3,58.9,53.7,56.8,64.7,67.3,67.4,66.5,70.7,68.1,70.6,69.8,70.9,74.5,71.9,77.6,73.9,63.8,72.2,61.7,56.8,55.5,57.0,51.7,50.8,-0.08303249097472931,-4.600000000000001,electricity
North Dakota,1.2,1.1,1.1,1.1,0.9,1.1,1.1,0.9,1.1,1.1,1.0,1.1,1.0,1.0,1.0,1.0,1.2,1.2,1.0,1.1,1.2,1.2,1.2,1.2,1.2,1.2,1.0,1.1,1.2,1.1,1.0,1.0,0.9,1.1,1.1,1.0,0.9,-0.25,-0.29999999999999993,residential
North Dakota,5.2,5.2,5.2,4.9,5.0,4.9,4.7,4.7,4.8,4.7,4.6,4.6,4.9,5.1,5.1,5.1,5.2,5.3,4.7,5.6,5.5,6.0,5.9,6.0,6.3,6.2,6.2,7.0,6.3,5.9,6.7,7.9,9.0,9.4,10.0,9.2,8.3,0.5961538461538463,3.1000000000000005,transportation
North Dakota,1.3,0.9,1.1,1.1,0.9,0.9,0.8,0.6,0.7,0.8,0.7,0.8,0.7,0.7,0.8,0.8,0.9,0.9,0.8,0.8,0.9,0.9,0.9,0.9,1.0,1.0,0.7,1.0,0.9,0.9,0.9,1.3,1.1,1.5,1.5,1.1,1.0,-0.2307692307692308,-0.30000000000000004,commercial
North Dakota,1.3,1.9,1.5,1.4,1.2,1.4,1.1,1.1,1.3,1.4,1.5,1.9,1.7,1.9,2.1,2.2,2.4,2.8,2.4,2.8,2.8,3.0,3.3,3.0,3.0,2.6,2.7,3.0,3.2,2.8,3.4,3.8,3.8,4.4,4.7,5.4,5.6,3.307692307692307,4.3,natural_gas
North Dakota,15.3,16.2,18.7,20.1,24.1,28.4,29.2,30.0,34.8,34.2,35.3,35.8,37.7,37.7,38.0,37.8,38.1,36.4,38.7,38.9,40.1,39.6,39.9,39.7,37.6,40.7,39.2,39.8,40.1,39.9,38.6,37.2,38.3,37.1,37.7,38.5,37.2,1.431372549019608,21.900000000000002,coal
North Dakota,8.6,8.6,8.3,8.3,8.2,7.8,7.9,7.7,7.6,7.8,7.4,7.5,7.5,7.6,7.6,7.6,7.9,7.8,7.2,7.6,7.8,8.9,8.1,8.2,8.8,8.9,8.7,9.6,9.4,8.5,10.0,12.5,13.8,15.2,16.2,13.4,11.4,0.3255813953488373,2.8000000000000007,petroleum
North Dakota,14.4,15.4,17.6,19.1,20.9,21.5,21.4,21.7,26.9,25.7,27.0,27.6,28.7,28.9,29.0,28.2,29.5,28.2,30.1,30.4,30.9,30.7,31.0,30.6,29.2,31.6,30.0,30.7,31.3,31.0,29.5,28.4,29.4,28.7,28.9,29.8,28.9,1.006944444444444,14.499999999999998,electricity
North Dakota,3.1,4.0,3.5,3.6,5.8,9.2,10.2,10.9,10.2,11.1,11.0,11.1,11.7,11.5,11.9,12.4,11.7,11.5,11.6,11.4,12.2,12.8,12.1,12.1,11.6,12.3,12.7,12.6,13.0,12.4,13.9,15.0,15.6,16.0,17.1,16.2,15.1,3.870967741935484,12.0,industrial
Ohio,24.0,22.6,21.7,19.3,21.4,21.1,21.9,21.9,23.3,23.8,20.6,21.1,22.2,23.1,22.3,23.0,24.3,23.0,19.3,21.3,22.0,19.5,20.5,21.9,20.7,20.5,17.2,18.9,19.2,18.4,17.6,17.6,15.2,18.0,19.8,17.8,16.2,-0.3250000000000001,-7.800000000000001,residential
Ohio,142.4,143.2,130.2,123.7,127.5,130.3,134.3,134.4,138.5,138.0,134.2,133.2,133.3,134.8,130.6,130.1,136.5,132.8,136.9,130.5,134.8,128.6,131.8,136.2,131.2,139.8,136.9,138.1,135.7,119.5,127.8,115.3,96.0,104.0,99.6,81.5,77.6,-0.455056179775281,-64.80000000000001,coal
Ohio,86.7,79.9,74.2,72.9,72.1,71.2,70.1,72.1,72.7,72.9,69.6,67.7,69.7,72.2,72.5,72.4,76.1,77.1,76.3,80.1,80.3,80.6,82.2,84.8,85.7,85.3,85.7,84.9,80.5,74.6,76.0,74.8,73.0,75.2,75.6,76.4,75.8,-0.1257208765859286,-10.900000000000006,petroleum
Ohio,11.4,11.0,10.7,10.9,12.7,10.7,11.4,11.6,12.5,11.8,10.6,10.6,11.1,11.2,11.1,11.6,12.8,12.5,10.5,10.9,11.5,11.1,11.1,11.5,11.6,11.0,9.4,10.3,11.1,10.8,10.5,10.6,9.6,10.8,11.7,11.8,11.0,-0.03508771929824561,-0.40000000000000036,commercial
Ohio,105.4,103.8,99.8,97.8,99.8,104.1,107.3,106.7,110.0,113.4,109.7,112.1,113.9,117.2,113.5,114.6,122.1,119.3,123.5,118.7,124.8,118.3,124.5,128.3,124.0,132.6,128.9,130.6,127.5,113.8,120.7,110.6,94.1,101.5,97.7,82.6,80.6,-0.2352941176470589,-24.80000000000001,electricity
Ohio,77.2,75.1,61.1,54.5,54.1,51.8,48.4,49.6,53.0,49.8,48.4,44.4,46.0,44.0,44.3,43.2,42.7,41.0,39.9,39.5,37.5,36.4,34.9,36.5,35.4,36.2,36.8,35.9,34.7,29.1,33.7,32.9,34.8,36.5,38.6,36.8,35.5,-0.5401554404145078,-41.7,industrial
Ohio,55.8,54.1,52.0,51.7,52.4,53.0,54.8,56.3,56.8,57.1,55.7,55.1,54.4,57.4,58.0,59.1,62.0,63.8,64.6,66.4,68.3,68.1,68.7,69.3,71.0,70.5,71.2,71.6,67.5,62.9,64.2,63.4,61.4,62.6,63.5,63.6,63.0,0.1290322580645162,7.200000000000003,transportation
Ohio,44.6,43.4,40.9,37.6,40.8,39.3,39.5,39.6,44.4,45.0,41.2,42.4,44.5,45.9,46.2,49.0,51.3,49.7,44.7,46.3,49.2,44.4,45.8,46.6,45.8,45.7,40.9,44.3,43.7,40.9,43.0,45.0,46.1,50.2,56.2,54.7,52.9,0.1860986547085202,8.299999999999997,natural_gas
Oklahoma,4.5,4.3,4.8,5.0,4.8,4.6,4.0,3.8,4.3,4.3,3.9,4.0,3.8,4.6,4.1,4.0,4.6,4.3,3.9,3.9,4.2,4.1,4.4,4.1,3.7,3.7,3.4,3.9,4.1,3.9,4.1,3.8,3.0,4.1,4.3,3.7,3.2,-0.2888888888888889,-1.2999999999999998,residential
Oklahoma,27.9,28.3,28.8,29.7,30.0,29.8,26.8,27.1,27.8,28.7,28.0,28.2,31.0,29.7,30.7,28.6,30.7,31.1,31.0,33.1,34.5,38.6,36.5,36.6,34.7,36.9,39.1,37.7,36.8,34.5,35.8,35.6,35.7,35.3,37.4,36.4,36.8,0.3189964157706093,8.899999999999999,petroleum
Oklahoma,20.4,20.7,21.3,20.5,22.7,21.3,18.7,21.5,20.7,21.4,22.7,20.5,21.6,22.9,22.5,22.6,21.7,22.4,20.2,19.9,18.5,17.6,17.4,19.0,19.8,20.5,22.6,20.9,22.0,19.1,20.0,20.6,21.3,21.5,22.6,22.0,22.8,0.1176470588235294,2.400000000000002,industrial
Oklahoma,39.2,36.8,36.7,34.8,35.5,32.0,30.3,32.8,32.4,32.9,33.3,31.3,30.0,31.8,31.6,31.1,31.2,30.4,31.0,29.2,29.0,26.8,27.7,29.5,29.5,31.8,34.2,35.9,37.7,36.1,37.0,35.9,37.8,36.2,35.4,37.7,39.2,0,0.0,natural_gas
Oklahoma,2.9,2.7,2.9,3.0,3.0,2.7,2.3,2.2,3.1,2.6,2.5,2.5,2.2,2.4,2.2,2.3,2.8,3.2,2.7,2.4,2.6,2.6,2.5,2.3,2.3,2.4,2.2,2.6,2.6,2.7,2.7,2.6,2.4,2.8,3.0,3.1,3.0,0.03448275862068972,0.10000000000000009,commercial
Oklahoma,21.5,23.0,24.2,24.0,24.0,23.7,22.6,23.1,23.4,24.6,23.7,24.3,26.2,25.4,26.3,25.0,26.5,26.2,26.8,28.0,30.0,32.8,30.7,31.2,28.8,30.4,31.3,31.9,31.7,30.3,31.3,31.1,30.6,30.6,32.7,32.3,32.6,0.516279069767442,11.100000000000001,transportation
Oklahoma,27.8,29.3,31.5,32.7,32.7,31.7,29.9,31.9,34.0,34.1,34.8,37.6,38.0,39.8,38.7,40.7,41.6,42.6,43.3,42.1,44.3,43.8,46.2,46.7,44.7,49.3,50.1,49.6,51.1,49.7,47.4,49.1,47.1,44.2,42.0,39.6,35.3,0.2697841726618704,7.4999999999999964,electricity
Oklahoma,10.0,14.8,19.1,20.6,21.7,22.3,20.5,22.6,25.4,25.4,26.3,29.5,30.9,33.5,31.4,34.9,35.2,37.1,35.0,34.1,36.0,35.5,37.0,37.2,35.1,37.5,36.3,35.2,37.0,35.2,32.7,35.7,30.9,31.7,31.7,26.5,20.9,1.09,10.899999999999999,coal
Oregon,6.0,5.3,5.4,4.3,5.6,4.7,4.6,4.7,4.9,4.5,4.5,4.8,5.2,5.9,5.8,6.3,6.7,6.9,7.4,7.7,6.2,5.6,6.0,5.3,5.7,5.3,5.7,5.4,5.4,4.7,4.6,5.1,5.0,4.8,5.0,4.9,5.1,-0.15,-0.9000000000000004,industrial
Oregon,17.0,17.9,18.0,16.9,16.6,17.2,17.6,18.7,20.0,20.3,20.0,21.6,21.6,20.8,21.5,21.1,21.9,22.0,23.0,23.2,22.5,21.5,21.9,21.9,22.7,23.2,23.7,24.2,22.3,22.4,21.9,20.9,20.6,20.7,20.8,20.3,20.4,0.2,3.3999999999999986,transportation
Oregon,22.6,22.6,23.6,20.9,21.7,21.3,21.9,22.2,23.7,23.4,22.8,24.1,24.2,24.1,24.4,24.1,24.3,24.1,25.0,25.4,25.0,24.1,24.6,24.0,24.6,25.0,25.6,25.6,24.3,24.2,23.8,23.1,22.5,22.5,22.8,22.6,22.9,0.01327433628318575,0.29999999999999716,petroleum
Oregon,1.1,2.4,1.1,0.9,1.1,0.9,0.3,0.3,0.3,0.6,1.5,3.1,3.8,3.5,4.2,1.9,1.9,1.5,3.4,3.6,3.7,4.1,3.6,4.2,3.4,3.4,2.5,4.3,3.9,3.1,4.0,3.3,2.7,3.7,3.2,2.5,1.8,0.6363636363636362,0.7,coal
Oregon,4.4,4.2,3.9,3.7,4.3,4.5,3.8,4.4,4.7,5.9,5.9,6.8,6.7,7.5,8.1,8.1,10.0,10.3,12.7,13.1,12.3,12.5,11.0,11.4,12.6,12.7,12.2,13.8,14.6,13.5,12.9,10.8,11.7,13.0,12.0,13.0,13.3,2.022727272727272,8.9,natural_gas
Oregon,0.8,1.9,0.8,0.6,0.8,0.7,0.0,0.0,0.0,1.2,1.8,3.5,4.4,4.2,5.4,2.7,3.2,2.7,6.2,6.3,7.4,8.6,6.5,8.2,8.1,8.1,6.4,9.6,10.1,8.8,9.8,6.4,6.9,9.0,7.9,8.6,7.8,8.75,7.0,electricity
Oregon,2.0,2.2,2.1,1.9,2.1,2.3,2.0,1.7,1.9,2.1,2.0,2.2,1.9,2.4,2.3,2.2,2.5,2.4,2.4,2.8,2.7,2.7,2.7,2.6,2.5,2.6,2.7,2.7,2.9,2.9,2.5,2.9,2.6,2.8,2.5,2.3,2.5,0.25,0.5,residential
Oregon,2.2,1.9,2.3,1.9,2.2,1.9,1.8,1.7,1.9,1.8,1.9,1.9,1.7,1.8,1.7,1.8,1.9,1.9,2.0,2.1,2.1,2.2,2.1,1.8,1.7,1.9,1.9,1.9,2.0,2.0,1.9,2.0,1.8,1.8,1.8,2.0,2.1,-0.04545454545454553,-0.10000000000000009,commercial
Pennsylvania,88.3,77.3,53.4,53.4,64.9,55.7,49.9,56.5,59.9,60.7,62.0,55.7,60.1,59.9,60.2,59.8,59.9,59.1,48.2,47.4,47.8,46.6,46.2,47.1,46.8,45.3,45.5,44.4,43.7,33.6,39.7,40.8,41.3,48.9,52.8,50.2,45.6,-0.4835787089467724,-42.699999999999996,industrial
Pennsylvania,100.3,90.2,81.8,84.5,88.3,83.8,87.6,91.5,93.6,93.3,88.5,85.6,87.3,89.7,91.2,88.0,87.8,88.8,90.6,91.2,94.7,95.8,94.9,97.2,98.4,100.1,95.3,93.7,92.3,82.6,82.7,79.9,76.3,78.0,79.1,77.5,76.1,-0.2412761714855434,-24.200000000000003,petroleum
Pennsylvania,41.9,42.0,37.6,34.9,37.1,34.3,33.5,35.0,36.7,37.9,36.1,35.4,38.1,38.8,39.2,40.4,40.9,38.8,35.4,37.9,38.6,35.5,37.2,38.1,38.4,38.2,36.3,41.4,41.3,44.5,48.2,53.1,57.3,62.4,69.2,69.7,72.4,0.7279236276849643,30.500000000000007,natural_gas
Pennsylvania,29.5,27.5,25.5,24.0,27.5,26.0,25.4,25.3,26.8,27.7,23.6,23.8,25.4,26.1,25.7,24.9,26.0,24.6,21.0,23.4,25.6,24.3,23.7,26.3,25.1,23.8,20.2,21.6,25.3,19.8,20.1,19.4,17.2,20.0,22.2,20.7,18.4,-0.376271186440678,-11.100000000000001,residential
Pennsylvania,12.6,13.6,13.0,12.9,14.2,12.1,12.6,13.0,13.4,14.5,13.1,13.1,14.0,13.2,14.3,14.1,14.3,13.5,12.0,12.1,12.8,12.6,12.6,13.3,12.9,12.8,11.7,12.4,11.6,10.8,10.5,10.3,9.0,10.5,11.2,11.5,10.6,-0.1587301587301587,-2.0,commercial
Pennsylvania,57.7,54.7,51.3,52.1,53.0,53.4,55.7,59.0,61.2,57.7,59.3,59.2,60.5,62.0,62.3,63.0,62.5,65.3,67.4,68.0,70.2,70.0,70.4,69.2,70.9,72.3,71.8,71.1,66.1,64.9,64.3,62.4,61.6,61.0,60.8,59.6,60.7,0.05199306759098787,3.0,transportation
Pennsylvania,106.1,98.2,96.9,102.1,102.3,102.8,101.0,102.1,106.5,110.5,104.9,103.5,103.7,107.0,103.2,106.2,111.2,112.7,115.5,111.4,118.9,108.8,116.2,116.8,119.7,124.5,123.8,126.2,120.7,113.4,119.6,114.2,107.3,105.9,98.9,87.8,82.1,-0.2262016965127238,-24.0,electricity
Pennsylvania,152.0,139.2,120.7,125.0,136.5,131.9,123.5,129.4,137.5,139.9,138.3,134.2,138.3,139.7,135.3,139.6,145.2,147.7,138.1,133.3,142.0,131.0,137.1,137.5,138.6,140.5,141.3,140.6,133.9,115.3,123.4,114.2,102.9,105.9,97.7,82.6,68.9,-0.5467105263157894,-83.1,coal
Rhode Island,1.5,1.5,1.5,1.6,1.7,1.6,1.4,2.0,1.7,1.8,2.1,4.1,6.2,4.1,5.9,5.5,6.7,6.4,7.1,6.4,4.9,5.2,4.8,4.3,3.9,4.4,4.2,4.8,4.8,5.0,5.1,5.4,5.2,4.7,4.8,5.1,4.7,2.133333333333333,3.2,natural_gas
Rhode Island,2.2,1.9,1.9,2.0,2.4,2.6,2.4,2.6,2.8,2.6,2.3,2.3,2.8,2.6,2.7,2.5,2.7,2.6,2.4,2.3,2.5,2.6,2.5,2.8,2.8,2.7,2.2,2.3,2.2,2.3,2.2,2.1,2.0,2.2,2.3,2.4,1.8,-0.1818181818181819,-0.40000000000000013,residential
Rhode Island,0.9,0.8,0.8,0.7,0.8,0.9,1.1,1.0,1.2,0.8,0.7,1.8,3.0,1.0,2.7,2.3,1.9,1.7,2.6,2.2,0.7,0.6,0.5,0.6,0.6,0.6,0.6,0.6,0.5,0.7,0.6,0.6,0.6,0.6,0.6,0.6,0.6,-0.3333333333333334,-0.30000000000000004,industrial
Rhode Island,0.9,0.8,0.4,0.5,0.5,0.5,0.7,0.7,0.8,0.5,0.7,1.4,2.2,2.0,2.1,2.0,3.4,3.4,3.3,3.0,2.7,3.2,2.9,2.3,2.0,2.4,2.3,2.8,2.9,3.0,3.1,3.5,3.3,2.6,2.5,2.8,2.6,1.888888888888889,1.7000000000000002,electricity
Rhode Island,7.0,6.2,5.9,6.1,6.8,6.9,8.1,7.9,8.3,7.4,6.8,6.7,6.8,6.8,6.9,6.6,6.8,7.2,6.8,6.8,6.9,7.1,6.9,7.2,7.0,6.8,6.4,6.3,5.8,6.2,5.9,5.6,5.3,5.5,5.8,5.8,5.0,-0.2857142857142857,-2.0,petroleum
Rhode Island,0.7,0.7,0.7,0.8,0.9,0.9,1.4,1.2,1.2,1.1,1.1,1.2,1.1,1.1,1.4,1.3,1.4,1.4,1.2,1.1,1.2,1.3,1.2,1.3,1.2,1.1,1.0,1.0,0.9,1.0,0.9,0.9,0.8,0.9,1.1,1.0,0.9,0.2857142857142858,0.20000000000000007,commercial
Rhode Island,3.7,3.6,3.6,3.6,3.8,3.6,4.0,4.3,4.4,4.3,4.1,4.1,4.1,4.1,4.0,4.1,4.2,4.6,4.5,4.6,4.6,4.7,4.6,4.5,4.4,4.3,4.4,4.3,4.1,4.2,4.2,4.0,3.8,3.9,4.1,4.1,3.9,0.05405405405405395,0.19999999999999973,transportation
Rhode Island,0.0,0.0,0.0,0.0,0.0,0.0,0.1,0.0,0.4,0.1,0.0,0.0,0.0,0.0,0.0,0.0,0.0,0.0,0.0,0.0,0.0,0.0,0.0,0.0,0.0,0.0,0.0,0.0,0.0,0.0,0.0,0.0,0.0,0.0,0.0,0.0,0.0,- -,0.0,coal
South Carolina,23.0,25.0,25.5,21.9,22.9,24.7,24.8,27.7,28.4,28.4,27.3,27.4,27.2,31.1,31.2,29.7,33.3,34.1,35.3,38.0,40.8,39.1,38.2,39.6,40.9,40.7,40.8,41.9,42.1,35.1,38.2,34.6,28.2,24.3,28.9,22.8,20.9,-0.09130434782608698,-2.1000000000000014,coal
South Carolina,12.8,12.5,10.8,11.0,12.2,12.0,11.4,12.0,12.7,12.6,12.9,12.7,13.0,13.9,13.4,13.2,12.6,13.3,12.8,12.1,12.6,12.3,12.7,12.7,12.3,11.7,10.7,9.8,8.9,7.5,7.8,7.8,7.1,7.4,7.7,7.6,7.6,-0.4062500000000001,-5.200000000000001,industrial
South Carolina,20.0,21.3,20.2,16.6,17.6,18.7,18.6,21.5,22.2,22.8,22.2,22.7,22.1,25.3,25.8,24.9,28.7,29.7,31.4,33.9,36.9,34.9,35.6,35.7,38.9,39.9,40.0,41.8,41.9,37.5,40.9,37.9,33.4,28.2,32.5,29.3,27.5,0.375,7.5,electricity
South Carolina,7.8,7.7,5.4,5.5,5.9,5.3,5.4,5.8,6.1,6.3,7.1,7.3,7.5,7.7,7.9,8.3,8.2,8.4,8.7,8.9,8.8,7.8,10.1,8.1,9.0,9.5,9.7,9.7,9.3,10.5,12.0,12.5,13.3,12.6,12.5,15.1,15.1,0.9358974358974359,7.3,natural_gas
South Carolina,24.3,22.6,21.1,22.1,24.0,23.6,23.7,23.9,26.2,25.5,26.1,27.1,26.0,26.8,26.7,26.8,27.3,28.7,30.0,30.1,31.2,31.4,31.6,32.8,37.4,35.8,35.9,35.2,33.2,33.5,33.1,32.4,31.5,33.1,32.8,34.8,35.7,0.4691358024691359,11.400000000000002,petroleum
South Carolina,2.1,1.7,1.5,1.9,1.8,1.7,1.9,1.9,2.0,1.7,1.4,1.4,1.6,1.8,1.7,1.7,1.8,1.7,2.0,2.3,1.8,1.7,1.6,1.7,1.7,1.7,1.8,1.6,1.7,1.6,1.8,1.6,1.6,1.7,1.8,2.1,2.2,0.04761904761904767,0.10000000000000009,commercial
South Carolina,17.7,17.5,17.5,18.0,18.7,18.9,19.6,19.3,21.2,20.5,21.9,22.7,21.9,22.3,22.7,22.7,23.2,24.2,25.6,26.4,27.0,27.3,27.9,28.1,32.1,30.4,31.9,31.8,30.1,30.6,30.7,30.3,29.4,30.9,30.2,31.8,32.6,0.8418079096045199,14.900000000000002,transportation
South Carolina,2.6,2.2,1.9,2.1,2.5,2.3,2.4,2.7,2.6,2.6,2.1,2.2,2.2,2.4,2.2,2.3,2.5,2.3,2.2,2.3,2.4,2.2,2.2,2.3,2.4,2.3,1.9,1.9,1.9,1.9,2.3,1.8,1.5,1.8,2.1,1.8,1.8,-0.3076923076923077,-0.8,residential
South Dakota,2.0,1.9,2.2,1.8,1.8,1.7,2.1,2.1,2.1,2.4,2.3,2.1,2.0,2.4,2.5,2.3,2.4,2.4,2.2,2.3,2.6,2.1,2.4,2.4,2.3,2.3,2.2,2.9,3.2,3.3,3.4,3.7,3.6,4.0,3.8,3.9,3.9,0.95,1.9,industrial
South Dakota,3.2,3.0,2.9,2.6,2.9,2.8,2.3,1.0,2.9,2.8,2.9,3.2,3.0,2.9,3.2,3.0,2.6,3.4,3.3,3.7,3.8,3.9,3.4,3.6,3.8,3.3,3.5,3.0,3.9,3.4,3.5,2.8,3.2,3.1,3.0,1.9,2.6,-0.1875,-0.6000000000000001,electricity
South Dakota,4.5,4.3,4.4,4.2,4.4,4.6,4.2,4.4,4.5,4.5,4.6,4.4,5.0,5.1,5.4,5.5,5.5,5.4,5.5,5.7,5.8,5.7,6.2,5.8,5.9,6.0,6.1,6.3,5.9,6.1,6.4,6.4,6.7,6.5,6.7,6.8,6.8,0.5111111111111111,2.3,transportation
South Dakota,3.4,3.4,3.5,2.9,3.2,3.2,2.7,1.4,3.2,3.2,3.3,3.6,3.4,3.4,3.9,3.5,3.2,4.1,3.9,4.4,4.8,4.2,3.8,4.1,4.1,3.5,3.7,3.1,4.1,3.5,3.7,3.0,3.4,3.2,3.1,1.9,2.5,-0.2647058823529411,-0.8999999999999999,coal
South Dakota,1.3,1.2,1.3,1.3,1.3,1.4,1.2,1.1,1.3,1.4,1.4,1.4,1.4,1.7,1.7,1.8,2.0,2.0,1.8,1.9,2.0,2.0,2.2,2.3,2.2,2.3,2.2,2.9,3.5,3.5,3.9,3.9,3.8,4.5,4.5,4.4,4.5,2.461538461538461,3.2,natural_gas
South Dakota,0.7,0.7,0.7,0.7,0.7,0.8,0.7,0.8,0.7,0.7,0.7,0.7,0.7,0.7,0.7,0.8,0.8,0.8,0.7,0.7,0.7,0.7,0.7,0.7,0.7,0.7,0.6,0.7,0.8,0.8,0.8,0.8,0.6,0.8,0.8,0.7,0.7,0.0,0.0,commercial
South Dakota,6.9,6.3,6.6,6.3,6.2,6.4,6.7,6.9,7.0,7.2,7.2,6.5,6.8,7.2,7.4,7.4,7.6,7.3,7.2,7.2,7.4,7.3,7.8,7.3,7.5,7.5,7.5,7.9,7.5,7.7,7.5,7.7,7.9,7.7,7.9,8.0,7.9,0.144927536231884,1.0,petroleum
South Dakota,1.2,1.1,1.2,1.1,1.1,1.1,1.2,1.2,1.2,1.4,1.4,1.2,1.0,1.2,1.2,1.2,1.5,1.3,1.1,1.1,1.2,1.1,1.2,1.2,1.1,1.0,1.0,1.0,1.2,1.2,1.0,1.0,0.9,1.1,1.1,0.9,1.0,-0.1666666666666666,-0.19999999999999996,residential
Tennessee,33.4,32.6,31.5,31.9,34.1,35.2,36.4,35.5,36.2,36.6,35.7,34.1,36.4,37.7,38.8,40.6,41.8,42.3,43.7,44.6,45.5,45.8,48.2,49.6,49.9,50.4,51.0,51.2,46.9,45.1,47.0,46.4,44.8,45.4,46.6,47.9,49.2,0.4730538922155689,15.800000000000004,petroleum
Tennessee,47.5,44.8,36.8,41.5,42.5,46.5,47.2,46.7,47.8,43.6,47.1,44.2,46.6,55.3,49.1,54.1,52.7,55.7,54.3,54.0,58.8,56.4,53.9,50.8,53.4,54.8,56.9,56.6,53.7,39.0,43.3,40.5,37.3,33.6,37.1,33.5,35.9,-0.2442105263157895,-11.600000000000001,electricity
Tennessee,54.1,53.0,44.2,51.3,52.1,56.3,56.9,56.0,57.4,53.3,56.6,53.3,55.7,64.7,58.7,63.2,61.4,64.3,61.6,61.2,66.6,64.9,61.9,58.6,61.1,62.1,64.0,63.6,60.8,45.1,48.6,45.4,39.9,37.7,40.3,35.0,35.8,-0.3382624768946396,-18.300000000000004,coal
Tennessee,3.5,3.3,3.3,4.5,4.5,4.4,3.4,3.4,3.8,3.7,3.4,3.4,3.6,3.6,3.5,3.6,4.0,3.9,3.5,3.7,3.9,3.8,3.7,4.0,3.8,3.5,3.4,3.5,3.7,3.7,3.9,3.6,3.1,3.5,3.8,3.9,3.7,0.05714285714285716,0.20000000000000018,commercial
Tennessee,3.2,3.1,3.0,3.1,3.2,2.9,2.8,3.0,3.5,3.6,3.3,3.4,3.7,4.0,3.9,4.1,4.8,4.4,4.1,4.3,4.8,4.6,4.7,4.6,4.4,4.4,4.1,4.0,4.4,4.3,4.8,4.1,3.2,4.2,4.8,4.1,3.6,0.125,0.3999999999999999,residential
Tennessee,28.8,28.8,28.1,27.9,29.8,30.4,32.5,31.7,32.2,33.2,32.6,31.0,32.4,34.2,35.1,36.9,38.1,38.5,39.4,40.6,41.3,41.1,43.6,44.7,44.8,45.0,45.4,45.5,42.1,40.6,42.2,42.1,40.6,40.6,41.6,42.3,43.7,0.5173611111111112,14.900000000000002,transportation
Tennessee,16.8,17.7,15.8,16.9,17.4,17.8,17.6,17.5,18.0,18.0,18.0,17.9,19.1,19.2,19.3,19.1,18.8,19.6,19.3,18.5,18.2,18.8,18.2,18.1,17.4,17.3,17.4,17.3,16.6,14.4,15.4,15.8,15.5,16.4,16.4,16.1,16.2,-0.03571428571428581,-0.6000000000000014,industrial
Tennessee,12.4,12.0,11.3,10.6,11.2,10.4,10.3,11.0,11.7,12.1,12.1,12.4,13.2,14.0,13.5,14.1,15.3,15.5,15.3,15.2,14.9,14.1,14.0,14.1,12.7,12.6,12.2,12.2,12.7,11.8,14.0,14.2,14.9,15.1,16.7,17.1,18.0,0.4516129032258065,5.6,natural_gas
Texas,14.7,15.0,14.5,19.0,13.9,12.7,11.3,12.5,12.9,12.9,11.8,11.9,12.1,10.8,11.2,13.0,11.2,13.2,11.2,11.4,13.7,11.8,14.3,14.2,11.9,10.6,9.7,10.1,10.8,11.1,12.1,12.6,11.1,11.5,12.1,13.3,12.6,-0.1428571428571428,-2.0999999999999996,commercial
Texas,68.7,80.4,87.4,95.5,100.9,108.0,109.3,113.2,119.0,125.7,125.6,125.7,124.8,134.9,131.0,128.8,140.2,143.8,140.6,144.5,146.2,141.0,146.4,151.4,153.5,153.7,152.1,152.0,151.7,141.4,148.1,160.1,141.5,150.8,149.8,126.6,124.9,0.8180494905385736,56.2,coal
Texas,128.6,130.0,133.8,133.0,138.5,143.3,146.9,143.6,151.4,152.1,152.5,149.5,153.1,152.0,155.6,153.4,165.9,170.3,179.5,177.9,182.1,189.8,196.4,189.9,192.3,193.7,201.0,202.8,195.0,186.8,191.0,191.1,191.4,208.5,211.7,216.6,224.8,0.7480559875583206,96.20000000000002,transportation
Texas,225.7,211.7,205.9,208.9,203.9,203.8,211.1,207.0,222.1,225.5,234.7,232.8,236.0,236.1,243.8,243.1,262.7,287.0,289.2,273.3,273.9,279.8,281.5,284.0,282.1,266.8,278.7,272.1,237.4,222.3,241.9,243.2,248.3,260.3,263.5,276.2,319.2,0.4142667257421355,93.5,petroleum
Texas,214.2,205.1,177.7,169.1,180.1,178.2,168.0,173.9,185.4,195.6,195.0,191.8,188.5,196.5,193.2,200.7,212.5,210.4,217.6,205.5,227.2,219.9,223.2,209.6,202.2,181.1,180.4,184.5,185.8,177.4,186.2,191.9,200.3,208.9,204.7,215.8,209.7,-0.02100840336134457,-4.5,natural_gas
Texas,142.4,147.9,151.1,155.8,161.9,166.6,163.6,165.5,171.8,184.6,182.5,181.7,179.4,196.2,190.0,190.3,200.8,205.4,214.7,218.8,227.6,218.9,225.3,225.2,224.3,228.8,226.9,229.5,227.2,216.5,220.4,237.7,222.1,226.2,224.8,213.6,207.5,0.4571629213483146,65.1,electricity
Texas,209.3,191.4,158.3,152.5,156.7,154.0,154.3,159.3,177.3,183.1,195.6,194.0,191.9,195.1,198.6,203.9,224.4,238.8,230.0,203.7,211.1,206.2,201.2,202.3,197.3,156.5,163.2,153.7,129.8,115.0,139.1,141.7,155.3,161.5,155.3,162.3,198.0,-0.05398948877209753,-11.300000000000011,industrial
Texas,13.7,12.9,13.3,13.1,13.9,13.3,12.2,13.2,13.0,14.1,13.0,13.1,12.7,13.5,12.6,12.1,13.1,13.6,12.1,11.7,12.9,14.0,13.9,13.4,12.1,12.0,10.5,12.5,12.0,11.7,13.7,12.0,10.2,12.3,14.0,12.8,10.8,-0.2116788321167882,-2.8999999999999986,residential
United States,380.3,354.3,353.2,334.5,358.5,354.0,345.7,351.4,372.6,379.3,338.5,345.6,355.3,371.6,362.9,360.1,388.7,370.4,337.9,358.5,377.6,365.5,366.1,384.1,370.4,363.1,321.8,343.0,356.1,337.6,334.3,324.6,285.1,331.6,348.2,322.2,298.6,-0.2148303970549565,-81.69999999999999,residential
United States,1192.9,1096.5,964.5,922.1,997.3,949.6,924.2,952.7,1003.1,1004.9,1033.4,1003.1,1032.6,1033.1,1048.8,1060.7,1092.0,1108.9,1053.7,1018.8,1030.5,997.5,985.4,981.7,997.7,943.4,958.1,951.1,910.9,798.5,876.3,882.8,891.8,916.9,919.5,904.1,940.4,-0.2116690418308325,-252.5000000000001,industrial
United States,1548.1,1556.1,1477.6,1518.9,1583.6,1624.4,1611.8,1675.4,1761.5,1821.4,1809.3,1805.3,1816.9,1899.0,1923.8,1938.5,2010.7,2079.6,2168.6,2178.8,2282.8,2245.5,2254.3,2283.1,2313.8,2379.2,2325.6,2391.7,2339.4,2127.3,2239.2,2139.5,2006.5,2021.5,2021.6,1886.5,1796.5,0.1604547509850784,248.4000000000001,electricity
United States,1444.0,1489.9,1430.5,1487.4,1594.8,1646.1,1618.1,1685.1,1774.7,1791.1,1805.1,1789.7,1800.3,1868.5,1875.7,1895.9,1980.8,2023.4,2037.0,2037.0,2130.3,2066.6,2065.8,2105.2,2118.7,2151.6,2119.0,2147.5,2113.0,1858.1,1965.1,1855.2,1639.6,1701.7,1697.7,1466.7,1341.6,-0.07091412742382275,-102.40000000000009,coal
United States,248.9,230.7,231.4,231.8,242.0,223.1,222.9,225.9,237.0,233.8,225.5,226.5,227.5,225.2,227.6,230.7,239.5,239.7,223.0,225.1,237.7,228.6,230.2,240.8,237.4,226.6,206.9,216.4,225.4,222.8,220.1,221.1,200.4,222.3,233.8,241.5,233.4,-0.06227400562474894,-15.5,commercial
United States,2263.4,2095.2,1982.5,1971.0,2005.8,1990.6,2080.5,2105.9,2202.6,2204.5,2153.9,2101.7,2129.9,2151.7,2193.7,2184.1,2261.7,2294.6,2327.9,2370.4,2421.9,2428.0,2427.8,2476.8,2553.8,2558.6,2533.8,2525.7,2358.8,2222.3,2257.7,2215.6,2152.1,2191.5,2214.3,2259.4,2324.9,0.02717151188477507,61.5,petroleum
United States,1060.6,1035.3,964.2,903.2,964.8,929.4,871.1,925.8,968.0,1027.0,1028.0,1049.0,1085.1,1113.0,1138.1,1188.5,1210.8,1222.3,1197.1,1198.7,1245.7,1190.9,1231.7,1195.7,1201.1,1183.4,1169.5,1245.9,1254.5,1233.4,1291.4,1311.6,1370.8,1408.3,1438.3,1481.3,1494.5,0.4091080520460117,433.9000000000001,natural_gas
United States,1397.8,1382.7,1350.5,1354.3,1384.1,1414.9,1465.1,1511.3,1571.1,1583.1,1580.3,1559.9,1582.9,1604.2,1644.4,1678.5,1722.3,1741.7,1778.9,1824.8,1869.3,1848.3,1889.2,1888.0,1954.4,1981.3,2009.9,2016.8,1894.6,1827.7,1844.4,1814.6,1778.8,1809.1,1827.2,1853.2,1892.1,0.3536271283445414,494.29999999999995,transportation
Utah,1.5,0.6,1.7,1.4,1.4,1.3,1.0,1.5,1.8,1.6,1.7,1.9,1.6,1.7,1.9,1.9,2.0,2.2,2.2,2.2,2.1,2.3,2.6,2.2,2.5,2.3,2.2,2.3,2.4,2.4,2.4,2.6,2.3,2.7,2.5,2.4,2.6,0.7333333333333334,1.1,commercial
Utah,3.6,3.3,2.5,3.4,3.4,3.6,3.1,2.6,2.7,2.9,2.8,3.1,2.7,3.1,2.9,2.9,3.1,3.4,3.2,3.2,3.3,3.3,3.5,3.2,3.6,3.4,3.5,3.5,3.9,3.8,3.8,4.0,3.4,4.1,3.6,3.4,3.7,0.0277777777777779,0.10000000000000009,residential
Utah,10.8,10.8,10.9,11.3,12.3,14.1,14.7,24.5,27.2,28.1,29.5,28.0,30.2,30.9,31.9,30.0,30.2,31.2,32.2,32.9,33.5,32.9,34.1,35.1,35.2,35.8,36.2,38.1,38.6,35.7,34.8,33.6,31.8,34.9,34.4,32.9,27.5,1.546296296296296,16.7,electricity
Utah,10.9,10.1,8.3,8.2,9.4,8.2,6.6,5.1,8.9,9.2,9.6,9.0,8.8,9.1,9.1,10.3,9.9,10.0,11.4,9.0,10.5,9.3,6.2,6.4,7.5,8.7,7.7,7.9,7.5,6.4,6.7,6.9,7.5,8.0,7.8,7.6,7.4,-0.3211009174311926,-3.5,industrial
Utah,13.5,11.4,11.2,12.0,11.6,11.3,12.5,12.7,13.2,12.5,12.9,13.0,13.4,13.6,13.9,15.0,15.9,16.3,16.4,16.8,17.7,17.6,17.8,18.2,18.7,19.5,21.4,20.8,19.2,18.1,17.9,19.2,18.7,19.5,19.3,19.4,20.1,0.4888888888888889,6.600000000000001,petroleum
Utah,6.6,5.8,5.9,6.3,6.6,6.6,5.3,5.7,6.2,6.5,6.7,7.6,7.0,7.9,7.8,8.9,8.9,9.1,9.4,9.0,9.2,8.9,9.1,8.7,8.7,9.0,10.5,12.3,12.6,11.9,12.2,12.2,12.3,13.7,13.4,12.9,13.3,1.015151515151516,6.700000000000001,natural_gas
Utah,15.7,16.4,14.9,15.0,17.3,18.7,17.7,25.7,31.7,32.9,34.5,32.4,34.1,34.9,35.9,34.1,33.9,35.4,37.4,36.2,38.0,36.3,35.0,35.8,37.7,38.3,36.2,37.0,37.4,34.5,33.6,32.7,30.4,33.5,32.5,31.2,25.4,0.6178343949044587,9.7,coal
Utah,9.0,8.7,8.7,9.0,9.1,9.4,10.1,10.4,10.7,10.2,10.6,11.0,11.2,11.6,11.8,12.9,13.4,14.0,14.3,14.8,15.6,15.0,15.5,15.8,16.4,16.6,18.3,18.2,16.7,16.1,16.0,17.0,16.4,17.1,16.8,17.3,17.7,0.9666666666666666,8.7,transportation
Vermont,0.2,0.2,0.2,0.2,0.3,0.3,0.3,0.3,0.3,0.3,0.4,0.4,0.4,0.4,0.4,0.4,0.4,0.4,0.4,0.4,0.6,0.4,0.4,0.4,0.5,0.4,0.4,0.5,0.5,0.5,0.5,0.5,0.4,0.5,0.6,0.6,0.7,2.5,0.49999999999999994,natural_gas
Vermont,0.5,0.5,0.4,0.3,0.4,0.5,0.5,0.6,0.6,0.6,0.6,0.6,0.7,0.7,0.7,0.6,0.7,0.7,0.8,0.7,0.8,0.8,0.7,0.8,0.8,0.7,0.7,0.7,0.6,0.7,0.6,0.6,0.6,0.8,0.8,1.0,0.9,0.8,0.4,commercial
Vermont,1.2,1.1,0.8,1.1,1.4,1.5,1.2,1.3,1.4,1.5,1.4,1.5,1.6,1.5,1.5,1.4,1.5,1.5,1.4,1.4,1.6,1.6,1.5,1.6,1.8,1.6,1.5,1.5,1.3,1.5,1.3,1.3,1.1,1.3,1.4,1.4,1.3,0.08333333333333348,0.10000000000000009,residential
Vermont,0.1,0.1,0.1,0.1,0.1,0.2,0.1,0.0,0.0,0.0,0.0,0.0,0.0,0.0,0.0,0.0,0.0,0.3,0.0,0.2,0.0,0.0,0.0,0.0,0.0,0.0,0.0,0.0,0.0,0.0,0.0,0.0,0.0,0.0,0.0,0.0,0.0,-1,-0.1,coal
Vermont,4.4,4.2,3.8,4.1,4.6,4.7,4.8,5.2,5.4,5.3,5.1,5.3,5.7,5.8,5.6,5.6,5.9,5.8,5.8,5.9,6.2,6.2,5.9,6.2,6.6,6.4,6.3,6.0,5.5,5.7,5.4,5.4,5.0,5.2,5.3,5.5,5.3,0.2045454545454544,0.8999999999999995,petroleum
Vermont,0.5,0.5,0.5,0.5,0.5,0.5,0.6,0.6,0.6,0.5,0.5,0.5,0.6,0.6,0.5,0.4,0.4,0.7,0.5,0.7,0.6,0.5,0.5,0.5,0.6,0.6,0.6,0.5,0.5,0.5,0.5,0.6,0.5,0.4,0.4,0.4,0.4,-0.2,-0.09999999999999998,industrial
Vermont,0.1,0.1,0.1,0.1,0.1,0.1,0.0,0.0,0.0,0.0,0.0,0.1,0.0,0.0,0.0,0.0,0.0,0.0,0.1,0.0,0.1,0.0,0.0,0.0,0.0,0.0,0.0,0.0,0.0,0.0,0.0,0.0,0.0,0.0,0.0,0.0,0.0,-1,-0.1,electricity
Vermont,2.4,2.4,2.3,2.4,2.6,2.6,2.7,3.0,3.1,3.0,3.0,3.0,3.2,3.4,3.4,3.6,3.7,3.6,3.6,3.7,3.7,3.7,3.6,3.7,3.8,3.8,3.9,3.8,3.5,3.5,3.5,3.4,3.3,3.3,3.3,3.3,3.4,0.4166666666666667,1.0,transportation
Virginia,16.7,16.3,15.3,15.9,18.1,17.4,17.6,18.6,18.9,18.5,19.6,20.1,18.9,17.3,17.7,17.6,17.5,17.8,17.6,17.2,17.3,16.7,16.6,17.6,17.8,17.9,16.9,17.1,16.5,12.7,13.0,12.9,13.0,13.0,12.7,11.8,11.7,-0.2994011976047904,-5.0,industrial
Virginia,21.7,24.7,24.3,25.8,28.7,27.9,28.4,31.7,32.2,36.1,33.5,35.9,35.8,37.4,35.0,36.3,40.4,40.8,41.4,41.9,47.8,46.0,45.5,43.7,42.6,43.3,40.9,43.2,39.2,31.5,32.6,27.1,20.9,27.3,26.2,21.9,20.9,-0.03686635944700467,-0.8000000000000007,coal
Virginia,8.5,8.2,8.2,7.8,7.9,7.7,7.8,8.8,9.0,9.6,10.2,10.0,11.7,13.2,13.8,15.1,14.3,13.8,14.4,15.2,14.7,13.1,14.2,14.4,15.2,16.5,15.0,17.6,16.5,17.5,20.5,20.3,22.5,23.0,23.3,27.9,30.4,2.576470588235294,21.9,natural_gas
Virginia,7.1,5.8,5.6,5.8,7.3,7.1,7.4,7.7,8.2,7.8,6.4,6.3,6.9,7.1,7.0,7.1,8.0,7.7,7.0,7.2,8.2,7.4,7.2,8.2,8.3,8.4,6.9,7.3,6.9,6.9,7.1,6.3,5.4,6.5,7.0,6.5,5.7,-0.1971830985915493,-1.3999999999999995,residential
Virginia,52.3,45.6,42.4,43.5,46.3,46.8,50.9,53.2,55.7,54.4,51.5,50.5,50.0,51.4,52.0,51.8,53.0,55.4,56.2,56.8,60.3,61.6,59.5,65.1,69.3,69.2,66.5,66.9,60.9,56.4,55.6,52.3,54.4,54.7,54.6,53.4,52.9,0.01147227533460815,0.6000000000000014,petroleum
Virginia,34.4,34.4,33.1,33.9,34.1,35.5,37.4,40.1,42.4,40.7,41.4,40.5,40.3,41.0,41.7,42.4,42.8,44.2,44.9,45.7,48.4,48.4,48.6,50.4,54.3,55.2,56.4,56.4,51.7,49.7,49.2,47.5,49.7,49.8,48.8,47.2,47.5,0.3808139534883721,13.100000000000001,transportation
Virginia,3.6,3.3,3.7,4.4,4.5,4.2,4.6,4.9,4.8,4.5,4.4,4.2,4.6,5.0,5.1,5.3,6.1,5.6,5.4,5.4,5.9,5.4,5.0,5.8,5.6,5.6,5.0,5.1,4.9,4.9,5.0,4.6,4.5,4.9,5.4,5.9,5.8,0.6111111111111109,2.1999999999999997,commercial
Virginia,20.7,18.7,17.3,17.2,18.8,18.1,20.2,22.3,22.6,28.5,23.2,25.3,26.9,31.5,29.4,30.6,33.4,34.7,37.0,38.5,43.1,42.6,41.7,41.3,41.0,41.8,37.2,41.8,36.5,31.3,34.3,28.5,25.2,30.9,30.3,31.8,33.6,0.6231884057971016,12.900000000000002,electricity
Washington,7.7,7.6,5.9,6.6,6.9,7.9,5.1,8.3,8.7,9.0,7.5,7.9,10.1,10.2,11.9,8.3,10.7,9.0,11.7,10.7,14.1,14.0,11.4,14.1,14.0,14.0,9.6,11.9,12.7,12.6,13.1,7.4,6.2,11.7,11.7,10.8,9.5,0.2337662337662338,1.7999999999999998,electricity
Washington,3.4,3.2,3.3,2.9,3.2,3.4,3.1,2.9,3.3,3.5,3.5,3.8,3.5,4.2,4.2,4.1,4.7,4.8,4.7,5.3,5.2,6.0,5.5,4.9,4.9,5.0,5.1,5.2,5.6,5.6,5.1,5.6,5.1,5.3,5.1,4.7,5.1,0.5,1.6999999999999997,residential
Washington,2.9,2.7,3.5,3.4,4.0,4.7,3.2,3.2,3.8,3.4,3.2,3.3,2.8,3.1,3.1,3.2,3.3,3.3,3.1,3.5,3.5,3.9,3.3,3.3,3.1,3.3,3.4,3.4,3.9,3.7,3.7,3.8,3.7,3.8,3.8,4.1,4.4,0.517241379310345,1.5000000000000004,commercial
Washington,8.5,8.5,7.0,7.5,7.7,8.8,5.9,9.0,9.3,9.1,8.1,8.4,10.0,9.2,10.1,6.6,8.6,7.6,9.8,9.1,10.0,9.4,9.5,11.2,10.6,10.6,6.5,9.0,8.9,7.9,9.0,5.4,4.0,7.1,7.2,5.5,5.0,-0.4117647058823529,-3.5,coal
Washington,7.2,7.0,6.1,5.9,7.0,7.4,6.5,7.2,8.0,8.9,8.9,9.5,9.6,12.2,14.0,14.0,15.1,14.2,16.1,16.0,15.8,17.1,12.8,13.6,14.3,14.4,14.4,14.8,16.3,17.0,15.6,14.4,14.4,17.4,17.0,17.4,17.2,1.388888888888889,10.0,natural_gas
Washington,40.1,38.8,37.9,34.4,39.2,39.8,44.8,45.2,47.8,49.2,49.3,49.3,54.1,49.4,51.1,52.7,52.5,53.7,50.2,51.0,52.3,51.4,49.2,48.8,49.8,50.7,52.5,55.0,50.3,48.5,48.8,48.7,49.8,48.6,47.3,50.5,56.6,0.4114713216957606,16.5,petroleum
Washington,30.0,29.2,27.2,26.1,27.9,29.7,34.7,35.6,37.4,40.4,41.1,41.8,46.5,42.4,43.4,45.5,44.7,45.7,43.0,43.8,44.6,42.7,41.4,41.4,43.0,43.4,44.5,47.4,42.2,41.4,41.1,41.0,42.5,41.5,40.5,43.2,48.9,0.6299999999999999,18.9,transportation
Washington,11.8,11.6,11.0,8.9,11.9,10.3,11.1,11.3,12.0,10.8,11.0,10.4,10.8,10.9,12.5,12.1,12.8,12.7,13.5,12.9,10.7,11.4,9.9,9.8,9.7,10.0,10.8,10.9,11.1,10.0,10.5,10.8,10.8,10.9,10.4,10.6,11.0,-0.06779661016949157,-0.8000000000000007,industrial
West Virginia,80.1,82.0,75.7,77.5,84.3,81.9,82.3,81.9,86.0,87.7,82.3,75.6,76.5,77.3,83.9,82.2,86.2,88.5,92.3,93.7,92.3,81.7,93.7,92.3,88.4,90.6,90.5,92.8,90.2,70.1,80.0,77.6,71.4,72.8,77.0,69.0,70.9,-0.1148564294631709,-9.199999999999989,coal
West Virginia,10.2,9.9,9.5,10.3,10.9,10.7,9.6,10.1,10.4,10.5,10.3,10.2,11.0,11.4,12.0,12.2,11.0,12.0,12.5,12.2,12.6,12.4,12.3,11.7,12.3,12.5,12.4,12.3,10.8,11.1,11.4,11.0,11.4,11.1,11.1,11.4,12.2,0.196078431372549,2.0,transportation
West Virginia,3.5,3.3,3.0,2.7,2.8,2.6,2.6,2.6,2.7,2.7,2.4,2.3,2.5,2.5,2.5,2.4,2.7,2.6,2.3,2.4,2.4,2.4,2.2,2.3,2.3,2.1,2.0,1.9,1.9,1.8,1.9,1.7,1.5,1.9,1.9,1.8,1.6,-0.5428571428571428,-1.9,residential
West Virginia,65.1,68.8,64.1,67.5,72.2,73.4,72.2,71.8,74.6,76.1,70.3,65.3,67.1,67.2,73.4,73.1,78.2,82.3,83.2,85.8,84.4,74.9,86.8,85.9,82.0,85.1,85.5,86.8,84.4,65.9,74.3,72.0,66.9,68.7,73.4,66.0,68.8,0.05683563748079878,3.700000000000003,electricity
West Virginia,22.4,20.1,17.6,15.2,17.3,13.6,15.2,15.5,16.9,17.8,18.1,15.8,14.5,15.3,16.1,14.9,13.2,11.9,14.1,12.2,12.6,11.9,13.6,11.4,11.5,10.5,10.6,11.8,11.5,9.0,11.2,11.4,10.7,11.0,11.9,11.2,10.2,-0.5446428571428572,-12.2,industrial
West Virginia,1.7,2.0,1.7,1.9,1.9,1.6,1.6,1.6,1.9,2.0,2.0,1.8,1.9,1.8,1.8,1.8,2.0,1.9,2.0,2.1,2.2,1.9,1.7,1.8,1.7,1.8,1.6,1.6,1.6,1.5,1.6,1.6,1.5,1.6,1.6,1.7,1.7,0.0,0.0,commercial
West Virginia,15.0,13.8,13.0,13.7,13.8,13.4,12.4,13.1,13.5,14.1,14.0,13.5,13.1,13.4,13.8,13.8,12.1,13.1,13.7,13.2,13.6,13.8,14.5,13.6,14.6,14.8,14.9,15.0,13.7,13.0,13.9,13.5,13.2,13.5,13.4,13.0,13.7,-0.08666666666666667,-1.3000000000000007,petroleum
West Virginia,7.8,8.2,7.2,6.4,6.9,6.6,6.4,6.6,7.0,7.4,6.8,6.3,7.3,7.7,8.2,8.4,8.7,9.0,8.1,7.8,8.4,8.0,8.3,7.2,6.9,6.6,6.7,6.6,6.3,6.3,6.5,6.6,7.4,8.1,9.6,10.1,10.0,0.2820512820512822,2.2,natural_gas
Wisconsin,5.1,4.3,4.5,5.5,6.2,5.6,4.1,4.4,4.9,5.2,4.8,5.0,4.8,5.2,5.1,5.5,6.0,5.9,5.6,5.7,5.6,5.4,5.8,6.1,5.7,6.2,5.3,5.5,6.5,5.8,5.2,5.5,4.7,6.0,6.5,6.0,5.9,0.1568627450980393,0.8000000000000007,commercial
Wisconsin,23.3,22.7,21.5,21.7,21.6,22.1,22.5,22.6,24.2,24.4,24.1,24.0,24.5,25.3,26.8,27.3,27.7,27.9,29.5,30.2,29.6,29.5,29.6,29.2,30.5,30.0,30.5,30.6,29.5,28.8,29.3,28.3,28.2,28.0,30.2,29.8,29.5,0.2660944206008584,6.199999999999999,transportation
Wisconsin,26.4,26.2,25.8,28.5,29.8,29.4,30.4,32.0,32.8,32.5,32.9,34.1,33.2,34.1,35.9,37.6,39.4,42.6,41.9,42.6,44.3,44.0,43.6,43.5,44.7,48.7,43.1,43.8,44.4,39.5,42.6,41.8,37.0,43.3,39.7,41.5,38.5,0.4583333333333335,12.100000000000001,electricity
Wisconsin,10.9,9.9,10.3,9.0,9.6,9.9,9.6,9.2,10.3,10.6,9.4,10.1,9.9,10.6,10.1,10.3,11.5,10.4,8.9,10.1,10.2,9.8,10.5,10.6,10.2,9.9,8.9,9.4,10.1,9.3,8.6,8.9,7.6,9.7,10.4,8.9,8.7,-0.2018348623853212,-2.200000000000001,residential
Wisconsin,32.3,30.3,30.1,29.6,30.5,30.2,30.4,30.5,32.3,32.7,32.0,32.0,32.1,33.8,34.5,34.4,36.2,35.9,37.0,39.7,39.5,39.7,39.7,37.6,39.6,39.1,39.0,39.0,37.4,34.8,35.0,34.0,33.2,33.8,36.3,36.0,35.4,0.09597523219814241,3.1000000000000014,petroleum
Wisconsin,30.7,30.7,30.4,33.1,34.1,33.9,34.9,36.3,37.1,36.7,37.2,38.2,37.2,38.0,40.1,41.7,42.9,46.0,44.6,45.4,47.1,46.6,46.4,46.1,47.1,49.3,43.7,43.9,45.4,40.2,43.3,42.2,35.2,42.9,39.4,38.5,33.7,0.09771986970684043,3.0000000000000036,coal
Wisconsin,16.1,15.2,15.1,14.0,13.9,13.7,13.6,13.6,14.1,14.5,14.5,14.8,14.7,15.3,15.8,15.8,16.1,16.5,15.4,17.0,18.0,17.0,17.2,15.3,16.2,15.7,14.9,15.0,14.3,12.5,12.6,13.0,12.6,13.8,14.3,13.7,13.0,-0.1925465838509317,-3.1000000000000014,industrial
Wisconsin,18.8,17.4,16.8,16.0,16.3,16.5,14.9,14.9,17.0,17.7,16.5,17.7,17.8,18.7,19.1,20.4,21.7,21.5,19.7,20.4,21.1,19.3,20.6,21.1,20.5,22.0,20.0,21.4,22.0,20.8,20.0,21.2,21.8,24.1,25.4,25.3,26.5,0.4095744680851063,7.699999999999999,natural_gas
Wyoming,0.7,0.7,1.0,1.1,1.0,1.0,0.9,0.9,0.9,0.8,0.8,0.9,0.8,0.9,0.8,0.9,0.9,0.8,0.8,0.8,0.8,0.8,0.9,0.8,0.8,0.8,0.8,0.9,1.0,0.9,0.9,1.0,0.8,0.9,0.9,0.8,0.9,0.2857142857142858,0.20000000000000007,residential
Wyoming,10.8,10.1,9.8,8.4,8.5,8.3,7.7,8.5,8.3,8.8,10.1,9.7,11.7,10.1,10.4,9.9,10.0,10.0,10.3,9.6,9.5,9.7,9.9,10.0,9.8,9.7,10.7,12.2,12.3,11.5,12.0,13.0,12.9,12.3,12.0,10.5,10.7,-0.009259259259259411,-0.10000000000000142,industrial
Wyoming,6.2,6.2,5.6,4.7,4.8,4.8,4.5,5.4,5.9,6.0,5.7,5.3,5.5,5.9,5.8,6.7,6.7,6.8,7.0,8.0,7.5,7.7,7.6,8.4,8.0,8.3,8.5,8.7,8.5,8.2,8.3,7.6,8.0,7.7,8.1,7.6,7.8,0.2580645161290323,1.5999999999999996,transportation
Wyoming,25.1,29.9,31.3,29.5,33.8,38.1,31.6,40.2,41.9,40.0,43.3,42.5,46.3,44.1,46.3,43.8,44.7,44.2,48.8,46.9,47.8,47.2,45.3,46.6,47.2,46.4,46.2,46.7,47.2,44.7,45.7,44.2,46.3,49.2,46.2,46.0,43.2,0.7211155378486056,18.1,coal
Wyoming,22.3,27.0,28.6,26.5,30.6,34.9,28.6,37.0,38.9,36.7,39.2,38.3,41.9,40.1,42.1,39.6,40.4,40.0,44.5,42.7,44.0,44.0,42.5,43.6,44.1,43.3,43.1,43.5,44.0,41.9,42.8,41.1,43.4,46.2,43.2,43.3,40.3,0.8071748878923766,17.999999999999996,electricity
Wyoming,0.7,0.6,1.1,0.9,0.9,0.9,0.9,0.9,0.9,0.8,0.8,0.9,0.7,1.0,1.0,0.9,1.3,0.9,0.9,0.9,1.0,1.0,0.9,0.9,0.9,0.8,0.8,0.9,0.9,0.9,0.9,1.2,1.0,1.1,1.1,1.1,1.1,0.5714285714285716,0.40000000000000013,commercial
Wyoming,3.9,3.9,4.8,4.5,4.8,4.6,4.2,4.6,4.6,4.6,5.4,5.5,6.9,5.9,6.0,5.5,5.7,5.7,6.2,5.4,5.6,5.5,6.2,6.4,5.9,6.0,6.0,7.7,7.8,7.8,8.2,8.6,8.4,8.3,7.5,6.7,7.1,0.8205128205128205,3.1999999999999997,natural_gas
Wyoming,11.8,10.8,10.0,7.7,7.3,7.2,6.8,7.9,8.4,8.5,8.0,7.0,7.4,8.0,7.9,8.7,8.8,8.7,8.6,9.8,9.5,10.5,10.3,10.8,10.5,10.6,11.6,11.7,11.6,10.9,11.1,11.1,11.4,10.8,11.6,10.7,10.4,-0.1186440677966102,-1.4000000000000004,petroleum
